entity_name,entity_type,entity_description
吴承恩,人物,吴承恩（明），明代著名小说家，代表作《西游记》。
太宗,人物,唐太宗李世民，唐朝第二位皇帝，政治家、军事家、诗人。
魏征,人物,魏征（580年－643年），字玄成，唐朝政治家、军事家、文学家。
东胜神洲,地点,东胜神洲，位于《西游记》中，是四大部洲之一。
西牛贺洲,地点,西牛贺洲，位于《西游记》中，是四大部洲之一。
南赡部洲,地点,南赡部洲，位于《西游记》中，是四大部洲之一。
北俱芦洲,地点,北俱芦洲，位于《西游记》中，是四大部洲之一。
傲来国,地点,傲来国，位于《西游记》中，位于东胜神洲海东。
花果山,地点,花果山，位于《西游记》中，是孙悟空的出生地。
水帘洞,地点,水帘洞，位于《西游记》中，是孙悟空居住的地方。
灵台方寸山,地点,灵台方寸山，位于《西游记》中，是须菩提祖师的居所。
斜月三星洞,地点,斜月三星洞，位于《西游记》中，是须菩提祖师的洞府。
美猴王,人物,美猴王，孙悟空的前身，后来成为齐天大圣，拥有七十二变的能力。
祖师,人物,祖师，孙悟空的师傅，传授他道法。
孙悟空,人物,孙悟空，美猴王，后成为齐天大圣，拥有七十二变的能力，大闹天宫的主角。
菩提祖师,人物,菩提祖师，孙悟空的师傅，传授他道法和长生之道。
混世魔王,人物,混世魔王，孙悟空在北下遇见的妖魔。
众仙,人物,众仙，指孙悟空在菩提祖师门下的师兄们。
大众,人物,大众，指孙悟空的猴子们。
众猴,人物,众猴，指孙悟空在花果山的猴子们。
天罡数,人物,天罡数，指孙悟空学的七十二变变化中的三十六变。
地煞数,人物,地煞数，指孙悟空学的七十二变变化中的七十二变。
东海,地点,东海，孙悟空的家乡所在地。
西海,地点,西海，孙悟空曾游历过的海域。
南海,地点,南海，孙悟空曾游历过的海域。
北海,地点,北海，孙悟空曾游历过的海域。
苍梧,地点,苍梧，孙悟空曾游历过的地点。
直北下,地点,直北下，孙悟空在北下遇见混世魔王的地点。
花果山,地点,花果山，孙悟空的出生地和根据地。
水帘洞,地点,水帘洞，花果山的中心，孙悟空的洞府。
三星洞,地点,三星洞，孙悟空学习道法的洞府。
烂桃山,地点,烂桃山，孙悟空曾在此地吃桃。
九幽之处,地点,九幽之处，孙悟空如说出自己的师傅，就会被贬到的地方。
南赡部洲,地点,南赡部洲，孙悟空曾游历过的洲。
西牛贺洲,地点,西牛贺洲，孙悟空曾游历过的洲。
美猴王,人物,花果山的美猴王，孙悟空，具有超凡的神通和武艺。
混世魔王,人物,花果山附近的山魔王，被美猴王剿灭。
唐太宗,人物,唐朝皇帝，与美猴王的故事没有直接关联。
魏征,人物,唐朝政治家、军事家，与美猴王的故事没有直接关联。
赤尻马猴,人物,花果山的一种猴子，美猴王的朋友。
通背猿猴,人物,花果山的一种猴子，美猴王的朋友。
悟空,人物,花果山的美猴王孙悟空，拥有七十二变和筋斗云的神通。
敖广,人物,东海龙王，曾赠予孙悟空兵器。
敖钦,人物,南海龙王，曾赠予孙悟空披挂。
敖顺,人物,北海龙王，曾赠予孙悟空披挂。
敖闰,人物,西海龙王，曾赠予孙悟空披挂。
孙悟空,人物,花果山的美猴王，拥有如意金箍棒和七十二变的神通。
十代冥王,人物,阴间的十位王，包括秦广王、初江王等，孙悟空曾与他们发生冲突。
地藏王菩萨,人物,佛教菩萨，孙悟空曾向其求助。
玉皇大帝,人物,天界的最高统治者，孙悟空曾挑战其权威。
太白金星,人物,天界的仙人，奉玉帝之命招安孙悟空。
邱弘济真人,人物,天界的仙人，向玉帝报告孙悟空的情况。
葛仙翁天师,人物,天界的仙人，向玉帝报告孙悟空的情况。
文曲星官,人物,天界的仙人，负责撰写招安圣旨。
顺风耳,人物,具有顺风听音能力的仙人，向玉帝报告孙悟空的情况。
千里眼,人物,具有千里眼能力的仙人，向玉帝报告孙悟空的情况。
金鼓,地点,花果山上的兵器库。
水帘洞,地点,花果山的洞府，美猴王的居所。
铁板桥,地点,花果山的一座桥。
幽冥界,地点,阴间的世界，孙悟空曾挑战其权威。
灵霄宝殿,地点,天界的宫殿，玉皇大帝居住的地方。
东海,地点,孙悟空寻宝的地方。
南海,地点,南海龙王的领地。
西海,地点,西海龙王的领地。
北海,地点,北海龙王的领地。
花果山,地点,美猴王的故乡。
傲来国,地点,孙悟空寻宝的国家。
齐天大圣,人物,齐天大圣，又称孙悟空，是《西游记》中的主要人物之一，具有极高的武艺和法力。
太宗,人物,唐太宗李世民，唐朝第二位皇帝，政治家、军事家、诗人。
魏征,人物,魏征（580年－643年），字玄成，唐朝政治家、军事家、文学家。
许旌阳真人,人物,许旌阳真人，道教八仙之一，擅长法术。
玉帝,人物,玉帝，中国神话中的天帝，掌管天界。
大圣,人物,大圣，即孙悟空，齐天大圣。
王母娘娘,人物,王母娘娘，道教中的女神，管理着西方的瑶池。
赤脚大仙,人物,赤脚大仙，道教中的仙人，以赤脚行走著称。
老君,人物,老君，即太上老君，道教中的最高神祇之一，掌管炼丹。
燃灯古佛,人物,燃灯古佛，佛教中的佛祖，代表智慧。
四大天王,人物,四大天王，佛教中的护法神，分别守护四方。
李天王,人物,李天王，佛教中的护法神，四大天王之一，守护北方。
哪吒太子,人物,哪吒太子，佛教中的护法神，李天王的儿子。
罗猴星,人物,罗猴星，佛教中的护法神，四大天王之一。
计都星,人物,计都星，佛教中的护法神，四大天王之一。
太阴星,人物,太阴星，佛教中的护法神，四大天王之一。
太阳星,人物,太阳星，佛教中的护法神，四大天王之一。
五行星,人物,五行星，佛教中的护法神，四大天王之一。
九曜星官,人物,九曜星官，佛教中的护法神，四大天王之一。
十二元辰,人物,十二元辰，佛教中的护法神，四大天王之一。
五方揭谛,人物,五方揭谛，佛教中的护法神，四大天王之一。
四值功曹,人物,四值功曹，佛教中的护法神，四大天王之一。
东西星斗,人物,东西星斗，佛教中的护法神，四大天王之一。
南北二神,人物,南北二神，佛教中的护法神，四大天王之一。
五岳四渎,人物,五岳四渎，佛教中的护法神，四大天王之一。
普天星相,人物,普天星相，佛教中的护法神，四大天王之一。
孙大圣,人物,孙大圣，即孙悟空，齐天大圣。
九曜恶星,人物,九曜恶星，佛教中的护法神，四大天王之一。
独角鬼王,人物,独角鬼王，佛教中的护法神，四大天王之一。
四大天王,人物,四大天王，佛教中的护法神，分别守护四方。
李天王,人物,李天王，佛教中的护法神，四大天王之一，守护北方。
哪吒太子,人物,哪吒太子，佛教中的护法神，李天王的儿子。
罗猴星,人物,罗猴星，佛教中的护法神，四大天王之一。
计都星,人物,计都星，佛教中的护法神，四大天王之一。
太阴星,人物,太阴星，佛教中的护法神，四大天王之一。
太阳星,人物,太阳星，佛教中的护法神，四大天王之一。
五行星,人物,五行星，佛教中的护法神，四大天王之一。
九曜星官,人物,九曜星官，佛教中的护法神，四大天王之一。
十二元辰,人物,十二元辰，佛教中的护法神，四大天王之一。
五方揭谛,人物,五方揭谛，佛教中的护法神，四大天王之一。
四值功曹,人物,四值功曹，佛教中的护法神，四大天王之一。
东西星斗,人物,东西星斗，佛教中的护法神，四大天王之一。
南北二神,人物,南北二神，佛教中的护法神，四大天王之一。
五岳四渎,人物,五岳四渎，佛教中的护法神，四大天王之一。
普天星相,人物,普天星相，佛教中的护法神，四大天王之一。
孙悟空,人物,孙悟空，即孙大圣，齐天大圣，是《西游记》中的主要人物之一，具有极高的武艺和法力。
唐太宗,人物,唐太宗李世民，唐朝第二位皇帝，政治家、军事家、诗人。
魏征,人物,魏征（580年－643年），字玄成，唐朝政治家、军事家、文学家。
齐天大圣,人物,齐天大圣，又称孙悟空，是《西游记》中的主要人物之一，具有极高的武艺和法力。
齐天府,地点,齐天府，天宫中的一个部门，由齐天大圣孙悟空管理。
蟠桃园,地点,蟠桃园，位于天宫中，由齐天大圣孙悟空管理。
瑶池,地点,瑶池，位于天宫中，是王母娘娘的居所。
兜率天宫,地点,兜率天宫，位于三十三天之上，是太上老君的居所。
花果山,地点,花果山，孙悟空的故乡，位于下界。
水帘洞,地点,水帘洞，花果山中的洞穴，是孙悟空的居所。
通明殿,地点,通明殿，天宫中的一个宫殿。
宝阁,地点,宝阁，位于瑶池中，是王母娘娘设宴的地方。
长廊,地点,长廊，位于瑶池中，是仙官们工作的地方。
丹房,地点,丹房，位于兜率天宫中，是太上老君炼丹的地方。
铁板桥头,地点,铁板桥头，位于花果山前，是孙悟空与天兵交战的地方。
十八架天罗地网,地点,十八架天罗地网，是天兵布下的天罗地网，用于捕捉孙悟空。
观音菩萨,人物,南海普陀落伽山大慈大悲救苦救难灵感观世音菩萨，佛教四大菩萨之一。
太宗,人物,唐太宗李世民，唐朝第二位皇帝，政治家、军事家、诗人。
魏征,人物,魏征（580年－643年），字玄成，唐朝政治家、军事家、文学家。
惠岸行者,人物,观音菩萨的大徒弟，法名惠岸。
玉帝,人物,天庭的最高统治者，三清之一的元始天尊的弟子。
太上老君,人物,道教始祖，元始天尊的弟子，位列三清之一。
王母娘娘,人物,西王母，传说中的神仙，居住在昆仑山。
李天王,人物,即李靖，天庭的将军，哪吒的父亲。
哪吒太子,人物,李天王与太乙真人的儿子，法力高强。
赤脚大仙,人物,天庭的仙人，因赤脚而得名。
长庚星,人物,天上的星宿，代表战争和胜利。
二郎真君,人物,玉帝的外甥，二郎神，神通广大。
梅山六兄弟,人物,二郎真君的兄弟，都是神通广大的仙人。
大力鬼王,人物,天庭的鬼王，负责捉拿妖魔。
木叉,人物,李天王的大太子，法名木叉。
虚日鼠,人物,天上的星宿，负责报告时间。
昴日鸡,人物,天上的星宿，负责报告时间。
星日马,人物,天上的星宿，负责报告时间。
房日兔,人物,天上的星宿，负责报告时间。
马流元帅,人物,天庭的元帅，负责统领天兵。
崩巴二将,人物,天庭的将领，负责战斗。
康、张、姚、李四太尉,人物,二郎真君的兄弟，都是神通广大的仙人。
郭申、直健二将军,人物,二郎真君的兄弟，都是神通广大的仙人。
李虎,人物,天庭的官员，负责祭祀。
张龙,人物,天庭的官员，负责祭祀。
赵甲,人物,天庭的官员，负责祭祀。
钱丙,人物,天庭的官员，负责祭祀。
青鹞,人物,一种飞禽，形似鹞，但毛片不青。
鹭鸶,人物,一种飞禽，顶上无缨。
老鹳,人物,一种飞禽，腿又不红。
花鸨,人物,一种鸟，被认为是鸟中至贱至淫之物。
土地庙,地点,中国传统的神庙，供奉土地神。
灌江口,地点,二郎真君的居住地。
花果山,地点,孙悟空的出生地，位于东胜神洲。
南天门,地点,天庭的南门，是进入天庭的必经之地。
斩妖台,地点,天庭用于处决妖魔的地方。
我佛,人物,佛教创始人，指释迦牟尼佛。
观音,人物,佛教菩萨，大慈大悲观世音菩萨。
太宗,人物,唐太宗李世民，唐朝第二位皇帝，政治家、军事家、诗人。
魏征,人物,魏征（580年－643年），字玄成，唐朝政治家、军事家、文学家。
玉帝,人物,天庭之主，玉皇大帝。
如来,人物,佛教创始人，指释迦牟尼佛。
二郎神,人物,道教神祇，二郎神杨戬。
老君,人物,道教创始人，老子李耳。
金蝉长老,人物,佛教术语，指释迦牟尼佛的前身。
观音菩萨,人物,佛教菩萨，大慈大悲观世音菩萨。
沙悟净,人物,佛教故事中的人物，沙悟净。
猪悟能,人物,佛教故事中的人物，猪悟能。
小龙,人物,西海龙王敖闰之子，后化为白马。
大圣,人物,佛教故事中的人物，孙悟空。
孙悟空,人物,佛教故事中的人物，孙悟空。
唐僧,人物,佛教故事中的人物，唐僧。
长安,地点,唐朝都城，今西安。
灵山,地点,佛教四大圣地之一，位于印度。
落伽山,地点,佛教四大圣地之一，位于印度。
紫竹林,地点,佛教四大圣地之一，位于印度。
西天,地点,佛教所指的西方极乐世界。
东土,地点,佛教所指的东方世界。
五行山,地点,佛教故事中的人物，孙悟空被压的五指山。
流沙河,地点,佛教故事中的人物，沙悟净所在的河流。
福陵山,地点,佛教故事中的人物，天蓬元帅所在的山区。
云栈洞,地点,佛教故事中的人物，天蓬元帅所在的洞穴。
深涧,地点,佛教故事中的人物，小龙被观音菩萨送到的深涧。
长安城,地点,唐朝都城，今西安。
大市街,地点,长安城内的一条街道。
土地庙祠,地点,佛教中的土地庙。
城隍庙,地点,佛教中的城隍庙。
唐太宗,人物,唐太宗李世民，唐朝第二位皇帝，政治家、军事家、诗人。
魏征,人物,魏征（580年－643年），字玄成，唐朝政治家、军事家、文学家。
刘伯钦,人物,刘伯钦，唐朝时期的人物，与唐三藏一同前往西天取经。
唐三藏,人物,唐三藏，唐朝僧人，奉唐太宗之命前往西天取经。
观音菩萨,人物,观音菩萨，佛教中慈悲为怀的菩萨之一，曾助唐三藏揭帖救出孙悟空。
孙悟空,人物,孙悟空，五百年前大闹天宫的齐天大圣，后皈依佛门，成为唐三藏的徒弟。
如来佛祖,人物,如来佛祖，佛教中的最高神祇，曾压制孙悟空于五行山下。
石匣,地点,位于两界山山脚下石匣，曾关押着孙悟空。
两界山,地点,两界山，原名五行山，因唐王征西定国而改名，位于孙悟空被压之地。
东土大唐,地点,东土大唐，即唐朝，唐三藏所在的国家。
西天,地点,西天，佛教传说中的圣地，唐三藏前往取经的目的地。
水晶宫,地点,水晶宫，位于东洋大海，是龙王的宫殿。
圯桥,地点,圯桥，黄石公和张良的故事发生地。
天竺国,地点,天竺国，佛教传说中的国家，位于西天。
孙行者,人物,孙悟空，又称孙大圣，是《西游记》中的主要人物之一，拥有神通广大，善于变化。
观音院,地点,位于黑风山下，是唐僧师徒在此发生故事的地方。
黑风山,地点,位于故事中，是黑熊精居住的地方。
黑风洞,地点,黑风山上的一个洞府，是黑熊精的居所。
观音院和尚,人物,观音院中的和尚，是唐僧师徒在此遇到的主要人物之一。
三藏,人物,唐僧，是《西游记》中的主要人物之一，奉唐王之命去西天取经。
黑汉,人物,黑熊精，是黑风山上的妖怪，曾偷走唐僧的袈裟。
白衣秀士,人物,白衣秀士，是黑风山上的妖魔，与黑汉和道人一起高谈阔论。
道人,人物,道人，是黑风山上的妖魔，与黑汉和白衣秀士一起高谈阔论。
凌虚子,人物,凌虚子，是菩萨变化成的道人，前往黑风洞与黑熊精交涉。
诸天,人物,诸天，是指佛教中的众多神灵，他们在故事中迎接观音菩萨。
菩萨,人物,观音菩萨，是佛教中慈悲为怀的代表，帮助唐僧取经。
黑熊精,人物,黑熊精，是黑风山上的妖怪，曾偷走唐僧的袈裟，后被观音菩萨收服。
小妖,人物,小妖，是黑风洞中的妖精，为黑熊精效力。
唐僧,人物,唐僧，是《西游记》中的主要人物之一，奉唐王之命去西天取经。
猴子,人物,猴子，指的是孙悟空，是唐僧的大徒弟。
唐王,人物,唐王，即唐太宗李世民，是唐朝的第二位皇帝。
妖怪,人物,妖怪，泛指故事中的妖魔鬼怪。
神仙,人物,神仙，泛指故事中的仙人。
佛祖,人物,佛祖，指的是佛教创始人释迦牟尼。
罗汉,人物,罗汉，是佛教中的修行者，已经达到了一定的境界。
观音院,地点,唐僧脱难的地方，位于高老庄附近。
黑风洞,地点,行者进入的洞，洞内有妖精。
乌斯藏国界,地点,高才所在的地方，属于乌斯藏国界。
高老庄,地点,高太公的家，位于乌斯藏国界。
福陵山云栈洞,地点,妖怪猪刚鬣的家，位于福陵山。
斗牛宫,地点,行者追赶妖怪猪刚鬣时提到的地方。
枉死狱,地点,行者追赶妖怪猪刚鬣时提到的地方。
太宗,人物,唐太宗李世民，唐朝第二位皇帝，政治家、军事家、诗人。
魏征,人物,魏征（580年－643年），字玄成，唐朝政治家、军事家、文学家。
唐僧,人物,唐僧，东土大唐的和尚，奉命前往西天拜佛求经。
悟空,人物,孙悟空，唐僧的大徒弟，善于降妖捉怪。
菩萨,人物,佛教菩萨，有超凡的法力。
三藏,人物,唐僧的法号，表示他对佛法的虔诚。
高老道,人物,高太公，高老庄的庄主。
高才,人物,高老庄的家人，高太公的仆人。
翠兰,人物,高老庄的女子，被妖怪猪刚鬣占为己有。
猪刚鬣,人物,妖怪，外表丑陋，但会变化，被悟空捉拿。
太宗,人物,唐太宗李世民，唐朝第二位皇帝，政治家、军事家、诗人。
魏征,人物,魏征（580年－643年），字玄成，唐朝政治家、军事家、文学家。
悟空,人物,孙悟空，又称齐天大圣，唐僧的大徒弟，齐天大圣，石猴。
八戒,人物,猪八戒，又称悟能，唐僧的二徒弟，天蓬元帅转世，吃人妖魔。
三藏,人物,唐僧，又称玄奘，唐僧师徒四人中的师傅，唐朝著名高僧。
高老庄,地点,高老庄，故事发生地之一，高老庄主高老居住的地方。
云栈洞,地点,云栈洞，妖怪居住的地方，位于高老庄附近。
浮屠山,地点,浮屠山，乌巢禅师修行的地方，位于西天取经的路上。
灵霄殿,地点,灵霄殿，天宫的主要宫殿之一，玉皇大帝的居所。
广寒宫,地点,广寒宫，月宫的宫殿，嫦娥的居所。
高老,人物,高老，高老庄的庄主，高家女儿的父亲。
嫦娥,人物,嫦娥，月宫仙女，因偷吃仙药而奔月成仙。
王母,人物,王母，西王母，传说中的神仙，管理着蟠桃会。
李金星,人物,李金星，又称太白金星，天宫中的神仙，善于劝解。
玉皇,人物,玉皇，玉皇大帝，天宫的最高统治者。
乌巢禅师,人物,乌巢禅师，浮屠山上的修行者，传授唐僧《多心经》。
三藏法师,人物,三藏法师，即唐僧，前往西天取经的法师。
菩萨,人物,菩萨，佛教中的一种修行者，具有很高的道德境界。
二郎神,人物,二郎神，天宫的神仙，曾擒拿孙悟空。
太上老君,人物,太上老君，道教中的神仙，炼丹术的祖师。
观音菩萨,人物,观音菩萨，佛教中的菩萨，具有救苦救难的神通。
唐僧,人物,唐僧，唐朝和尚，奉旨上西天取经。
孙悟空,人物,孙悟空，唐僧的大徒弟，法号行者，神通广大。
猪八戒,人物,猪八戒，唐僧的二徒弟，法号悟能，力大无穷。
沙僧,人物,沙僧，唐僧的三徒弟，法号悟净，忠诚可靠。
黄风大王,人物,黄风大王，黄风岭黄风洞的洞主，妖怪。
虎先锋,人物,虎先锋，黄风大王的手下，妖怪。
王老汉,人物,王老汉，黄风岭旁的村民，好客。
老妇人,人物,老妇人，王老汉的妻子，慈祥。
两个少年人,人物,两个少年人，王老汉的儿子，勤劳。
三四个小男女,人物,三四个小男女，王老汉的孙子孙女，活泼。
唐太宗李世民,人物,唐太宗李世民，唐朝第二位皇帝，政治家、军事家、诗人。
魏征,人物,魏征（580年－643年），字玄成，唐朝政治家、军事家、文学家。
雷音寺,地点,雷音寺，位于西天，是取经的目的地。
黄风岭,地点,黄风岭，位于西天取经路上的一个险峻的山岭。
黄风洞,地点,黄风洞，位于黄风岭上，是黄风大王的巢穴。
藏风山凹,地点,藏风山凹，是孙悟空与虎先锋交战的地方。
东土大唐,地点,东土大唐，指唐朝，唐僧的故乡。
西天,地点,西天，指佛教的发源地，是取经的目的地。
唐僧,人物,唐僧，唐代僧人，唐僧师徒四人中的师傅，取经人。
孙悟空,人物,孙悟空，唐僧师徒四人中的大徒弟，具有神通广大的猴子。
猪八戒,人物,猪八戒，唐僧师徒四人中的二徒弟，天蓬元帅转世。
沙悟净,人物,沙悟净，唐僧师徒四人中的三徒弟，卷帘大将转世。
太宗,人物,唐太宗李世民，唐朝第二位皇帝，政治家、军事家、诗人。
魏征,人物,魏征（580年－643年），字玄成，唐朝政治家、军事家、文学家。
流沙河,地点,流沙河，位于西天取经路上，一条充满妖魔的河流。
八百里流沙界,地点,八百里流沙界，流沙河的别称，形容其宽广。
灵霄殿,地点,灵霄殿，天宫中的宫殿，玉皇大帝的居所。
紫竹林,地点,紫竹林，观音菩萨的居所。
南海,地点,南海，观音菩萨的道场所在地。
潮音洞,地点,潮音洞，位于普陀山，观音菩萨修行的地方。
东洋海,地点,东洋海，位于东方的大海。
太宗,人物,唐太宗李世民，唐朝第二位皇帝，政治家、军事家、诗人。
魏征,人物,魏征（580年－643年），字玄成，唐朝政治家、军事家、文学家。
唐僧,人物,唐僧，即唐三藏，唐朝僧人，著名的取经人，金蝉子转世。
悟空,人物,孙悟空，又称孙行者，唐僧的大徒弟，石猴出身，具有神通广大。
八戒,人物,猪八戒，又称猪悟能，唐僧的二徒弟，天蓬元帅转世。
沙僧,人物,沙悟净，又称沙和尚，唐僧的三徒弟，卷帘大将转世。
清风,人物,清风，五庄观仙童，镇元子的徒弟之一。
明月,人物,明月，五庄观仙童，镇元子的徒弟之一。
镇元子,人物,镇元子，五庄观观主，得道的全真，混名与世同君。
元始天尊,人物,元始天尊，道教最高神祇之一，上清天上弥罗宫的统治者。
佛祖,人物,佛祖，即如来佛祖，西方极乐世界的教主。
三藏,人物,三藏，即唐三藏，唐朝僧人，著名的取经人，金蝉子转世。
土地,人物,土地，花园中的土地神，负责管理花园。
王母,人物,王母，即西王母，道教神话中的女神，天庭中的最高女性神祇。
太上老君,人物,太上老君，道教最高神祇之一，炼丹术的祖师。
诸宰,人物,诸宰，道教神话中的神灵，罗天的守护者。
孔子,人物,孔子，春秋时期思想家、教育家，儒家学派的创始人。
老君,人物,老君，即太上老君，道教最高神祇之一，炼丹术的祖师。
弥罗宫,地点,弥罗宫，上清天中的一个宫殿，元始天尊的居所。
兰盆会,地点,兰盆会，佛教中的一个节日，用于超度亡灵。
西牛贺洲,地点,西牛贺洲，佛教四大部洲之一，位于西方。
五庄观,地点,五庄观，位于万寿山，是镇元子的道场。
上清天,地点,上清天，道教中的一个天界。
人间,地点,人间，指地球上的世界。
天界,地点,天界，道教神话中的神灵居住的地方。
花园,地点,花园，位于五庄观中，种植着各种花草树木。
菜园,地点,菜园，位于五庄观中，种植着各种蔬菜。
松篁,地点,松篁，指松树和竹林。
宫殿,地点,宫殿，指五庄观中的建筑。
楼阁,地点,楼阁，指五庄观中的建筑。
宫殿森罗,地点,宫殿森罗，形容宫殿的宏伟壮观。
楼台缥缈,地点,楼台缥缈，形容楼台在云雾中的景象。
宫殿紫极高,地点,宫殿紫极高，形容宫殿的颜色和高度。
楼台丹霞堕,地点,楼台丹霞堕，形容楼台的颜色和形状。
山门,地点,山门，指五庄观的山门口。
碑,地点,碑，指五庄观山门左边的一通碑。
楼台,地点,楼台，指五庄观中的建筑。
花园土地,地点,花园土地，指花园中的土地神居住的地方。
菜园土地,地点,菜园土地，指菜园中的土地神居住的地方。
地下,地点,地下，指花园和菜园下面的土地。
人间第一仙景,地点,人间第一仙景，指五庄观中的美景。
西方魁首花丛,地点,西方魁首花丛，指五庄观中的美景。
牡丹亭,地点,牡丹亭，指五庄观中的美景。
芍药圃,地点,芍药圃，指五庄观中的美景。
人间,地点,人间，指地球上的世界。
唐僧,人物,唐僧，唐朝僧人，奉唐太宗之命前往西天取经。
太宗,人物,唐太宗李世民，唐朝第二位皇帝，政治家、军事家、诗人。
魏征,人物,魏征（580年－643年），字玄成，唐朝政治家、军事家、文学家。
大圣,人物,孙悟空，花果山美猴王，唐僧的大徒弟。
二郎神,人物,二郎神，中国神话中的神祇，以法力高强著称。
梅山七弟兄,人物,梅山七弟兄，二郎神的兄弟，均为神祇。
马流二元帅,人物,马流二元帅，花果山猴群中的将领。
奔芭二将军,人物,奔芭二将军，花果山猴群中的将领。
猪八戒,人物,猪八戒，唐僧的二徒弟，天蓬元帅转世。
沙和尚,人物,沙和尚，唐僧的三徒弟，卷帘大将转世。
黄袍老怪,人物,黄袍老怪，波月洞的妖魔。
小妖,人物,小妖，黄袍老怪的部下，妖精。
东洋大海,地点,东洋大海，位于东方的大海。
花果山,地点,花果山，位于东方的一座山，美猴王的故乡。
黑松林,地点,黑松林，位于花果山附近的一片森林。
塔,地点,塔，位于白虎岭的一座宝塔。
碗子山波月洞,地点,碗子山波月洞，黄袍老怪的洞府。
太宗,人物,唐太宗李世民，唐朝第二位皇帝，政治家、军事家、诗人。
魏征,人物,魏征（580年－643年），字玄成，唐朝政治家、军事家、文学家。
八戒,人物,猪八戒，唐僧的徒弟之一，法名悟能，曾是天蓬元帅，因犯错被贬下凡，现为僧人。
沙僧,人物,沙僧，唐僧的徒弟之一，法名悟净，原为卷帘大将，因犯错被贬下凡，现为僧人。
唐僧,人物,唐僧，唐朝高僧，法名玄奘，奉唐太宗之命前往西天取经。
公主,人物,百花羞，宝象国的公主，被黄袍怪掳走。
黄袍怪,人物,黄袍怪，一个妖魔，曾掳走宝象国的公主百花羞。
国王,人物,宝象国的国王，百花羞的父亲。
唐天子,人物,唐朝的皇帝，唐僧的雇主。
唐太宗,人物,唐太宗李世民，唐朝的第二位皇帝，政治家、军事家、诗人。
金甲神人,人物,金甲神人，梦中出现的人物，告诉公主有关她心愿的事情。
镇殿将军,人物,镇殿将军，宝象国的将军。
文武多官,人物,宝象国的文武官员。
两班文武,人物,宝象国的文武百官。
公主母后,人物,宝象国的公主和母后。
沙僧悟净,人物,沙僧，法名悟净，唐僧的徒弟之一。
八戒悟能,人物,猪八戒，法名悟能，唐僧的徒弟之一。
唐僧玄奘,人物,唐僧，法名玄奘，唐朝高僧，前往西天取经。
唐太宗李世民,人物,唐太宗李世民，唐朝第二位皇帝，政治家、军事家、诗人。
百花羞公主,人物,百花羞公主，宝象国的公主，被黄袍怪掳走。
黄袍怪魔王,人物,黄袍怪魔王，一个妖魔，曾掳走宝象国的公主百花羞。
宝象国,地点,宝象国，故事中提到的国家。
碗子山波月洞,地点,碗子山波月洞，黄袍怪居住的地方。
灵山,地点,灵山，佛教圣地，唐僧取经的目的地。
长安城,地点,长安城，唐朝的首都。
皇宫,地点,皇宫，宝象国的皇宫。
金銮殿,地点,金銮殿，宝象国的皇宫中的大殿。
宝象国皇宫,地点,宝象国皇宫，宝象国的皇宫。
碗子山,地点,碗子山，黄袍怪所在的地方。
灵山圣地,地点,灵山圣地，佛教圣地。
唐僧,人物,唐僧，唐朝和尚，奉唐王之命西天取经。
孙行者,人物,孙悟空，唐僧的大徒弟，拥有七十二变的本领。
猪八戒,人物,猪八戒，唐僧的二徒弟，力大无穷。
沙和尚,人物,沙僧，唐僧的三徒弟，忠诚老实。
乌巢和尚,人物,乌巢和尚，曾经向孙悟空传授《心经》。
太宗,人物,唐太宗李世民，唐朝第二位皇帝。
魏征,人物,魏征，唐朝政治家、军事家、文学家。
宝象国,地点,宝象国，故事中的国家。
莲花洞,地点,莲花洞，故事中的山洞。
长安,地点,长安，唐朝的都城。
舍利国,地点,舍利国，故事中的国家。
平顶山,地点,平顶山，故事中的山。
日值功曹,人物,日值功曹，负责传递消息的官员。
高老庄,地点,高老庄，猪八戒的原籍。
流沙河,地点,流沙河，沙僧的家乡。
金角大王,人物,金角大王，莲花洞的妖怪之一。
银角大王,人物,银角大王，莲花洞的妖怪之一。
小怪,人物,小怪，莲花洞的妖精手下。
孙行者,人物,孙悟空，唐僧的大徒弟，拥有七十二变的本领，能变化成任何形态。
师父,人物,唐僧，东土大唐的僧人，奉唐王之命前往西天取经。
菩萨,人物,佛教中的菩萨，具有很高的智慧和能力。
老君,人物,太上老君，道教中的神仙，擅长炼丹。
三藏,人物,唐僧的法号，指代唐僧本人。
猪八戒,人物,猪八戒，唐僧的二徒弟，原为天蓬元帅，因犯错被贬下凡。
沙和尚,人物,沙和尚，唐僧的三徒弟，原为卷帘大将，因犯错被贬下凡。
太阳,地点,太阳，位于天空中的恒星。
长安城,地点,长安城，古代中国的首都。
高山,地点,高山，指高大的山。
青天,地点,青天，指晴朗的天空。
山门,地点,山门，寺庙的入口。
大雄宝殿,地点,大雄宝殿，寺庙中的主要殿堂。
方丈,地点,方丈，指寺庙中的最高领导。
禅堂,地点,禅堂，和尚打坐修行的地方。
正殿,地点,正殿，寺庙中的主要殿堂。
后门,地点,后门，寺庙的后门。
正殿后边,地点,正殿后边，指正殿后面的地方。
三门,地点,三门，指寺庙中的三个门。
狗洞,地点,狗洞，指供狗出入的小洞。
正殿上,地点,正殿上，指正殿的上方。
东边,地点,东边，指东方。
西边,地点,西边，指西方。
两廊,地点,两廊，指寺庙中的两侧走廊。
汉苑,地点,汉苑，指汉朝的皇家园林。
秦楼,地点,秦楼，指秦朝的楼阁。
沧海,地点,沧海，指广阔的海洋。
碧天,地点,碧天，指清澈的天空。
别馆,地点,别馆，指他乡的客舍。
山村野店,地点,山村野店，指山村的旅馆。
故园,地点,故园，指故乡。
佛门,地点,佛门，指佛教的寺庙。
宝山,地点,宝山，指富有宝物的山。
方丈、佛殿、钟鼓楼、两廊,地点,方丈、佛殿、钟鼓楼、两廊，指寺庙中的各个部分。
山寺,地点,山寺，指位于山上的寺庙。
故田,地点,故田，指故乡的田地。
长江,地点,长江，中国第一长河。
江船,地点,江船，指在江上行驶的船。
庭中,地点,庭中，指庭院中。
窗轩,地点,窗轩，指窗户和阳台。
院宇,地点,院宇，指庭院和房屋。
山寺,地点,山寺，指位于山上的寺庙。
故园,地点,故园，指故乡。
西天,地点,西天，指佛教所说的西方极乐世界。
太宗,人物,唐太宗李世民，唐朝第二位皇帝，政治家、军事家、诗人。
魏征,人物,魏征（580年－643年），字玄成，唐朝政治家、军事家、文学家。
孙大圣,人物,孙悟空，花果山水帘洞美猴王，齐天大圣，唐僧的大徒弟，具有神通广大，变化无穷的能力。
长老,人物,指唐僧，唐僧是唐太宗李世民派往西天取经的和尚，具有佛学修养和智慧。
八戒,人物,猪八戒，孙悟空的二徒弟，原是天蓬元帅，因犯错被贬下凡，成为唐僧的徒弟。
沙僧,人物,沙悟净，孙悟空的三徒弟，原是天宫卷帘大将，因犯错被贬下凡，成为唐僧的徒弟。
三藏,人物,唐僧，唐太宗李世民派往西天取经的和尚，具有佛学修养和智慧。
乌鸡国,地点,乌鸡国是孙悟空在取经途中遇到的一个国家，位于西天取经路上。
南天门,地点,南天门是天宫的南门，是孙悟空前往天宫的地方。
灵霄殿,地点,灵霄殿是天宫的正殿，孙悟空曾在那里大闹天宫。
兜率宫,地点,兜率宫是太上老君的居所，位于三十三天之上。
宝林寺,地点,宝林寺是孙悟空在乌鸡国救出国王后休息的地方。
东观,地点,东观是孙悟空回到唐僧师徒所在的地方。
乌斯国界高家庄,地点,乌斯国界高家庄是孙悟空在取经途中收猪八戒的地方。
流沙河界,地点,流沙河界是孙悟空在取经途中收沙悟净的地方。
敕建宝林寺,地点,敕建宝林寺是孙悟空在乌鸡国救出国王后休息的地方。
金銮殿,地点,金銮殿是乌鸡国王的宫殿，也是孙悟空与魔王相遇的地方。
白玉阶,地点,白玉阶是金銮殿前的台阶，孙悟空在这里与魔王发生冲突。
东北上,地点,东北上是孙悟空追捕魔王的方向。
五台山,地点,五台山是文殊菩萨的道场，也是魔王被菩萨收服的地方。
唐太宗,人物,唐太宗李世民，唐朝第二位皇帝，政治家、军事家、诗人。
魏征,人物,魏征（580年－643年），字玄成，唐朝政治家、军事家、文学家。
孙大圣,人物,孙大圣，又称孙悟空，是中国古典名著《西游记》中的主要人物之一，是一只猴子，拥有七十二变和筋斗云等神通。
八戒,人物,八戒，又称猪八戒，是中国古典名著《西游记》中的主要人物之一，是唐僧的第二个徒弟，以吃和懒为特点。
沙僧,人物,沙僧，又称沙悟净，是中国古典名著《西游记》中的主要人物之一，是唐僧的第三个徒弟，以忠厚老实著称。
唐僧,人物,唐僧，又称唐三藏，是中国古典名著《西游记》中的主要人物之一，是取经的主角，因虔诚修行而获得神通。
红孩儿,人物,红孩儿，又称圣婴大王，是中国古典名著《西游记》中的妖怪之一，拥有三昧真火。
牛魔王,人物,牛魔王，又称平天大圣，是中国古典名著《西游记》中的妖怪之一，红孩儿的父亲。
龙宫,地点,龙宫，是中国古典名著《西游记》中的地点之一，位于东海海底，是龙王居住的地方。
号山枯松涧火云洞,地点,号山枯松涧火云洞，是中国古典名著《西游记》中的地点之一，是红孩儿居住的地方。
东洋大海,地点,东洋大海，是中国古典名著《西游记》中的地点之一，孙悟空向龙王求水的地点。
水晶宫,地点,水晶宫，是中国古典名著《西游记》中的地点之一，是龙王的宫殿。
南海,地点,南海，是中国古典名著《西游记》中的地点之一，是观音菩萨的道场。
北海,地点,北海，是中国古典名著《西游记》中的地点之一，是北海龙王的领地。
西海,地点,西海，是中国古典名著《西游记》中的地点之一，是西海龙王的领地。
三叉路口,地点,三叉路口，是中国古典名著《西游记》中的地点之一，是孙悟空与红孩儿交战的地点。
九曲溪,地点,九曲溪，是中国古典名著《西游记》中的地点之一，是孙悟空与红孩儿交战的地点。
岩前,地点,岩前，是中国古典名著《西游记》中的地点之一，是孙悟空救沙僧的地方。
唐三藏,人物,唐三藏，唐朝僧人，唐僧取经的主要人物。
孙悟空,人物,孙悟空，唐僧的大徒弟，齐天大圣，神通广大。
猪八戒,人物,猪八戒，唐僧的二徒弟，天蓬元帅转世。
沙僧,人物,沙僧，唐僧的三徒弟，卷帘大将转世。
太宗,人物,唐太宗李世民，唐朝第二位皇帝，政治家、军事家、诗人。
魏征,人物,魏征（580年－643年），字玄成，唐朝政治家、军事家、文学家。
龙子,人物,龙子，唐三藏的徒弟，帮助唐僧降妖。
黑水河神,人物,黑水河神，帮助唐僧师徒过黑水河的神。
车迟国,地点,车迟国，故事中提到的国家。
三清观,地点,三清观，故事中提到的道观。
智渊寺,地点,智渊寺，故事中提到的寺庙。
五谷轮回之所,地点,五谷轮回之所，故事中提到的厕所。
孙大圣,人物,孙悟空，又称孙行者，是中国古典名著《西游记》中的主要角色之一，具有极高的武艺和变化能力。
沙和尚,人物,沙悟净，是《西游记》中的角色，是唐僧的徒弟之一，拥有金箍棒，武艺高强。
猪八戒,人物,猪悟能，是《西游记》中的角色，是唐僧的徒弟之一，以吃和懒著称。
太宗,人物,唐太宗李世民，唐朝第二位皇帝，政治家、军事家、诗人。
魏征,人物,魏征（580年－643年），字玄成，唐朝政治家、军事家、文学家。
三清,地点,三清是指道教中的三位最高神祇，分别是元始天尊、灵宝天尊和道德天尊。
车迟国,地点,车迟国是《西游记》中的一个虚构国家，是唐僧师徒西天取经途中经过的国家之一。
智渊寺,地点,智渊寺是《西游记》中的一个寺庙，是唐僧师徒在车迟国停留的地方。
五凤楼,地点,五凤楼是车迟国皇宫中的建筑，是唐僧师徒与国王会面的地方。
南赡部洲,地点,南赡部洲是《西游记》中的一个虚构的大陆，位于南海之南，是唐僧师徒的出发地。
东土大唐,地点,东土大唐是《西游记》中的一个虚构的国家，是唐僧师徒的故乡。
九天应元雷声普化天尊府,地点,九天应元雷声普化天尊府是《西游记》中的一个虚构的地点，是雷神居住的地方。
四海龙王府,地点,四海龙王府是《西游记》中的一个虚构的地点，是四海龙王的居所。
天关,地点,天关是《西游记》中的一个虚构的地点，是通往天界的关口。
斗府,地点,斗府是《西游记》中的一个虚构的地点，是斗牛宫的别称。
铁叉山,地点,铁叉山是《西游记》中的一个虚构的地点，是孙悟空被压的地方。
东洋海,地点,东洋海是《西游记》中的一个虚构的海洋，是东海的别称。
长江,地点,长江是中国的一条著名河流，也是《西游记》中的一个重要地点。
太宗,人物,唐太宗李世民，唐朝第二位皇帝，政治家、军事家、诗人。
魏征,人物,魏征（580年－643年），字玄成，唐朝政治家、军事家、文学家。
孙行者,人物,孙悟空，唐僧的大徒弟，拥有七十二变、筋斗云等神通。
唐僧,人物,唐僧，唐朝僧人，取经的领袖。
八戒,人物,猪八戒，唐僧的二徒弟，原为天蓬元帅，因犯错被贬下凡。
沙僧,人物,沙僧，唐僧的三徒弟，原为卷帘大将，因犯错被贬下凡。
国王,人物,某国的君主，因孙悟空的神奇法力而感到困惑。
道士,人物,三位道士，与孙悟空赌博法力的对手。
鹿力大仙,人物,一位道士，擅长隔板知物之法。
虎力大仙,人物,一位道士，与孙悟空赌博坐禅。
羊力大仙,人物,一位道士，与孙悟空赌博滚油锅洗澡。
三藏,人物,唐僧的别称，表示对唐僧的尊敬。
行者,人物,孙悟空的别称，表示对他的亲昵。
国师,人物,对道士的尊称。
童儿,人物,被藏入柜中的小道士。
国王,地点,故事中提到的某国。
金銮殿,地点,国王的宝座所在之地。
文华殿,地点,国王的宫殿之一。
御花园,地点,国王的私人花园。
杀场,地点,行刑的地方。
油锅,地点,用于煮食和惩罚的地方。
太宗,人物,唐太宗李世民，唐朝第二位皇帝，政治家、军事家、诗人。
魏征,人物,魏征（580年－643年），字玄成，唐朝政治家、军事家、文学家。
国王,人物,本国的君主，对国家和人民有统治权。
行者,人物,唐僧的大徒弟，法号孙悟空，擅长七十二变和筋斗云。
道士,人物,修炼道术的人，具有超自然的力量。
和尚,人物,出家人，修行佛法。
僧人,人物,出家人，修行佛法。
国王,人物,本国的君主，对国家和人民有统治权。
关文,地点,一种官方文书，用于传达命令或通知。
智渊寺,地点,一个寺庙的名称。
长安,地点,唐朝的都城，现在的西安。
通天河,地点,一条河流的名称。
车迟国,地点,一个国家的名称。
陈家庄,地点,一个村庄的名称。
灵感大王庙,地点,一个庙宇的名称。
西天,地点,佛教传说中的西方极乐世界。
天井,地点,房屋中的露天空间。
佛象,地点,佛像。
人烟,地点,人类居住的区域。
唐僧,人物,东土大唐的僧人，法号玄奘，前往西天取经。
八戒,人物,唐僧的二徒弟，法号猪八戒，原是天蓬元帅。
沙僧,人物,唐僧的三徒弟，法号沙悟净，原是卷帘大将。
陈清,人物,陈家庄的村民，有一子一女。
陈澄,人物,陈清的兄弟，有一子一女。
一秤金,人物,陈澄的女儿，年仅八岁。
关保,人物,陈清的儿子，年仅七岁。
长安城,地点,唐朝的都城，现在的西安。
通天河边,地点,通天河的岸边。
天井堂上,地点,天井中的堂上。
灵派吞华岳,地点,灵派（通天河）吞没华岳（山）。
百川,地点,众多河流的总称。
岸口,地点,河岸的入口处。
沙头,地点,沙滩的头部。
柳外,地点,柳树的外面。
道场,地点,修行佛法的场所。
屏门后,地点,屏风后面的门。
厅堂,地点,大厅。
天井里,地点,天井中。
前门,地点,房屋的前门。
庄众人,地点,整个村庄的居民。
前门,地点,房屋的前门。
陈家庄,地点,陈家庄是故事中的一个地点，是陈澄、陈清的家所在地。
灵感庙,地点,灵感庙是故事中的一个地点，陈家庄的信众在这里祭祀。
通天河,地点,通天河是故事中的一个地点，唐僧师徒在此遭遇困难。
西梁女国,地点,西梁女国是故事中的一个国家，位于通河对岸。
陈澄,人物,陈澄是故事中的一个人物，陈家庄的庄头。
陈清,人物,陈清是故事中的一个人物，陈家庄的庄头。
唐僧,人物,唐僧是故事中的一个人物，东土大唐圣僧，前往西天取经。
孙悟空,人物,孙悟空是故事中的一个人物，唐僧的大徒弟，具有极高的武艺和智慧。
猪八戒,人物,猪八戒是故事中的一个人物，唐僧的二徒弟，憨厚而勇猛。
沙僧,人物,沙僧是故事中的一个人物，唐僧的三徒弟，忠诚老实。
白马,人物,白马是故事中的一个人物，唐僧的坐骑，聪明而忠诚。
灵感大王,人物,灵感大王是故事中的一个妖怪，住在通天河中，每年要童男女祭祀。
鳜婆,人物,鳜婆是故事中的一个人物，水族中的斑衣鳜婆，帮助灵感大王捉唐僧。
陈老,人物,陈老是故事中的一个人物，陈家庄的老者，热情好客。
孙大圣,人物,孙悟空，又称孙行者，是中国古典名著《西游记》中的主要角色之一，是唐僧的大徒弟，拥有七十二变和筋斗云的能力。
八戒,人物,猪八戒，又称猪悟能，是中国古典名著《西游记》中的主要角色之一，是唐僧的二徒弟，以力量大和贪吃著称。
沙僧,人物,沙悟净，又称沙和尚，是中国古典名著《西游记》中的主要角色之一，是唐僧的三徒弟，以忠诚和勇猛著称。
太宗,人物,唐太宗李世民，唐朝第二位皇帝，政治家、军事家、诗人。
魏征,人物,魏征（580年－643年），字玄成，唐朝政治家、军事家、文学家。
陈老来,人物,陈老来，是《西游记》中的人物，是唐僧的徒弟猪八戒的师傅。
观音,人物,观音菩萨，佛教中的慈悲女神，常被奉为救苦救难之神。
妖精,人物,妖精，是《西游记》中的反派角色，是吃唐僧肉的妖怪。
大王,人物,大王，是《西游记》中的反派角色，是妖精的领导。
小妖,人物,小妖，是《西游记》中的反派角色，是妖精的手下。
陈清,人物,陈清，是《西游记》中的人物，是陈老来的儿子，是唐僧的徒弟猪八戒的师傅的儿子。
老鼋,人物,老鼋，是《西游记》中的人物，是通天河的守护神，最终帮助唐僧师徒渡过通天河。
菩萨,人物,菩萨，是佛教中的修行者，具有极高的修行境界。
善财童子,人物,善财童子，是佛教中的菩萨弟子，以广学博识著称。
木叉行者,人物,木叉行者，是佛教中的菩萨弟子，以勇猛著称。
诸天,人物,诸天，是佛教中的天神，分为欲界天、色界天、无色界天等。
善财童子,人物,善财童子，是佛教中的菩萨弟子，以广学博识著称。
龙女,人物,龙女，是佛教中的龙族公主，以美貌和智慧著称。
红孩儿,人物,红孩儿，是佛教中的火神，以勇猛著称。
唐僧,人物,唐僧，又称唐三藏，是中国古典名著《西游记》中的主要角色之一，是取经人，带领徒弟们西天取经。
妖怪,人物,妖怪，是《西游记》中的反派角色，是指那些被佛教视为魔障的生物。
老龙王,人物,老龙王，是《西游记》中的人物，是东海龙宫的龙王，以智慧和力量著称。
大圣,人物,大圣，是孙悟空的别称，也是《西游记》中的主要角色之一。
陈家庄,地点,陈家庄，是《西游记》中的人物陈清的家乡。
通天河,地点,通天河，是《西游记》中的人物老鼋居住的地方，也是唐僧师徒取经路上遇到困难的地方。
水鼋之第,地点,水鼋之第，是老鼋的住所，位于通天河中。
莲花池,地点,莲花池，是观音菩萨居住的地方，也是金鱼修炼的地方。
普陀岩,地点,普陀岩，是观音菩萨的道场，位于南海。
落伽山,地点,落伽山，是观音菩萨的道场，位于南海。
翠岩,地点,翠岩，是观音菩萨居住的地方，位于落伽山。
竹林,地点,竹林，是观音菩萨在落伽山观花的地方。
河岸,地点,河岸，是《西游记》中人物活动的地点，也是故事发生的重要场所。
海边,地点,海边，是《西游记》中人物活动的地点，也是故事发生的重要场所。
水底,地点,水底，是《西游记》中人物活动的地点，也是故事发生的重要场所。
天宫,地点,天宫，是佛教神话中的神界，也是佛教中的最高境界。
唐僧,人物,唐僧，唐朝僧人，东土大唐钦差往西天拜佛求经者。
孙悟空,人物,孙悟空，又称齐天大圣，唐朝圣僧唐僧的大徒弟，有神通广大。
八戒,人物,八戒，唐僧的二徒弟，又称猪八戒，是位天蓬元帅转世。
沙僧,人物,沙僧，唐僧的三徒弟，又称沙悟净，曾是卷帘大将。
唐太宗,人物,唐太宗李世民，唐朝第二位皇帝，政治家、军事家、诗人。
魏征,人物,魏征（580年－643年），字玄成，唐朝政治家、军事家、文学家。
金皘山,地点,金皘山，位于取经路上，是孙悟空与妖魔交战的地方。
金皘洞,地点,金皘洞，位于金皘山，是妖魔居住的地方。
古树参天,地点,古树参天，位于行者化斋的村庄。
楼台高耸,地点,楼台高耸，位于行者化斋的村庄，后成为妖魔的藏身之处。
山凹,地点,山凹，位于取经路上，是行者遇到老翁的地方。
金皘山山神土地,地点,金皘山山神土地，位于金皘山，是山神和土地的化身。
洞中,地点,洞中，位于金皘洞，是妖魔居住的地方。
山前,地点,山前，位于金皘山，是妖魔与孙悟空交战的地方。
洞外,地点,洞外，位于金皘洞，是妖魔与孙悟空交战的地方。
山坡平处,地点,山坡平处，位于行者化斋的村庄，是唐僧等待的地方。
旧路,地点,旧路，位于取经路上，是孙悟空返回的地方。
北坡外,地点,北坡外，位于取经路上，是行者遇到老翁的地方。
本宫,地点,本宫，位于妖魔的居住地，是妖魔的原居地。
齐天大圣,人物,齐天大圣，即孙悟空，是《西游记》中的主要人物之一，具有神通广大，善于变化的能力。
唐僧,人物,唐僧，即唐三藏，是《西游记》中的主要人物之一，奉唐太宗之命前往西天取经。
太宗,人物,唐太宗李世民，唐朝第二位皇帝，政治家、军事家、诗人。
魏征,人物,魏征（580年－643年），字玄成，唐朝政治家、军事家、文学家。
金皘山,地点,金皘山，位于《西游记》故事中，是孙悟空与兕怪交战的地方。
南天门,地点,南天门，天宫的南大门，孙悟空前往南天门寻求玉帝帮助。
灵霄殿,地点,灵霄殿，天宫的正殿，玉帝的居所。
金山兜山,地点,金山兜山，位于《西游记》故事中，是孙悟空与兕怪交战的地方。
金山兜洞,地点,金山兜洞，位于金山兜山，是兕怪藏身的地方。
彤华宫,地点,彤华宫，位于天宫，孙悟空在此请求火德星君的帮助。
乌浩宫,地点,乌浩宫，位于天宫，孙悟空在此请求水德星君的帮助。
黄河,地点,黄河，位于中国北方，孙悟空在此请求水德星君帮助施布水势。
孙悟空,人物,孙悟空，又名齐天大圣，是中国古典名著《西游记》中的主要角色，具有七十二变的能力，手持金箍棒。
唐太宗李世民,人物,唐太宗李世民，唐朝第二位皇帝，政治家、军事家、诗人。
魏征,人物,魏征（580年－643年），字玄成，唐朝政治家、军事家、文学家。
李天王,人物,李天王，即李靖，是中国神话传说和民间故事中的神祇，是天庭的四大天王之一。
哪吒,人物,哪吒，是中国古代神话传说中的神祇，是李靖之子，拥有三头六臂。
火德星君,人物,火德星君，是中国神话传说中的神祇，掌管火部。
雷公,人物,雷公，是中国神话传说中的神祇，掌管雷电。
水伯,人物,水伯，是中国神话传说中的神祇，掌管水部。
金皘洞,地点,金皘洞，位于金皘山，是孙悟空与兕大王战斗的地方。
金皘山,地点,金皘山，是孙悟空与兕大王战斗的地点。
灵山,地点,灵山，是佛教圣地，孙悟空曾前往求助于如来。
离恨天兜率宫,地点,离恨天兜率宫，是太上老君的居所。
天庭,地点,天庭，是中国神话传说中的神界，位于天上。
南天门,地点,南天门，是天庭的南门。
仙宫,地点,仙宫，指神仙居住的地方。
丹房,地点,丹房，是炼丹的地方。
牛栏,地点,牛栏，是养牛的地方。
三十三天之外离恨天兜率宫前,地点,三十三天之外离恨天兜率宫前，是孙悟空寻找太上老君的地方。
灵屑殿,地点,灵屑殿，是天庭中的一座宫殿。
斗牛宫,地点,斗牛宫，是天庭中的一座宫殿。
兜率院,地点,兜率院，是太上老君的居所。
金皘洞里,地点,金皘洞里，是孙悟空与妖魔战斗的地方。
灵山界,地点,灵山界，指灵山附近的地方。
金皘山界,地点,金皘山界，指金皘山附近的地方。
天界,地点,天界，指天上的世界。
西方,地点,西方，指佛教传说中的西天极乐世界。
东土,地点,东土，指中国。
金皘洞洞口,地点,金皘洞洞口，是孙悟空进入金皘洞的地方。
金皘洞外,地点,金皘洞外，是孙悟空与妖魔战斗的地方。
金皘洞深处,地点,金皘洞深处，是孙悟空与妖魔战斗的地方。
灵山脚下,地点,灵山脚下，是孙悟空到达灵山的地方。
三界之外,地点,三界之外，指超出天界、人间和地狱的地方。
唐三藏,人物,唐三藏，唐朝高僧，唐王御弟，号玄奘，奉唐王之命西天取经。
孙悟空,人物,孙悟空，唐僧的大徒弟，齐天大圣，拥有七十二变和筋斗云的能力。
猪悟能,人物,猪悟能，唐僧的二徒弟，法号八戒，原是天蓬元帅，因犯错被贬下凡。
沙悟净,人物,沙悟净，唐僧的三徒弟，法号沙僧，原是卷帘大将，因犯错被贬下凡。
唐太宗,人物,唐太宗李世民，唐朝第二位皇帝，政治家、军事家、诗人。
魏征,人物,魏征（580年－643年），字玄成，唐朝政治家、军事家、文学家。
西梁女国,地点,西梁女国，一个位于西边的女性国家，国王希望唐三藏成为她的丈夫。
迎阳驿,地点,迎阳驿，位于西梁女国的一个驿站，唐僧师徒在此地遇到当驾太师和驿丞。
五凤楼,地点,五凤楼，位于西梁女国城中，女王在此处接待唐僧师徒。
金銮宝殿,地点,金銮宝殿，位于西梁女国皇宫，女王在此处与唐三藏举行婚礼。
孙大圣,人物,孙悟空，中国古典名著《西游记》中的主要角色之一，唐僧的大徒弟，拥有七十二变的能力。
猪八戒,人物,猪八戒，中国古典名著《西游记》中的主要角色之一，唐僧的二徒弟，原是天蓬元帅，因犯错被贬下凡。
沙僧,人物,沙僧，中国古典名著《西游记》中的主要角色之一，唐僧的三徒弟，原是卷帘大将。
唐僧,人物,唐僧，中国古典名著《西游记》中的主要角色，唐三藏，唐朝僧人，奉唐王之命前往西天取经。
太宗,人物,唐太宗李世民，唐朝第二位皇帝，政治家、军事家、诗人。
魏征,人物,魏征（580年－643年），字玄成，唐朝政治家、军事家、文学家。
女王,人物,西梁国的女王，唐僧在女国中的相遇者。
女怪,人物,琵琶洞中的女怪，一个妖精，试图阻止唐僧师徒取经。
昴日星官,人物,昴日星官，中国神话中的天官，被孙悟空请来帮助降伏妖精。
如来,人物,如来，佛教中的最高神，曾在雷音寺中谈经。
大力鬼王,人物,大力鬼王，玉帝手下的大将，曾参与捉拿孙悟空。
二十八宿,人物,二十八宿，中国古代神话中的星宿，曾参与捉拿孙悟空。
老子,人物,老子，道教创始人，曾在八卦炉中锻炼孙悟空。
增长天王,人物,增长天王，佛教中的护法神，曾与孙悟空相遇。
陶张辛邓四大元帅,人物,陶张辛邓四大元帅，天宫中的四大元帅，曾与孙悟空相遇。
辛天君,人物,辛天君，天宫中的天君，曾与孙悟空相遇。
陶天君,人物,陶天君，天宫中的天君，曾与孙悟空相遇。
老妈妈儿,人物,老妈妈儿，观音菩萨的化身，出现帮助唐僧师徒。
观音菩萨,人物,观音菩萨，佛教中的菩萨，具有大慈大悲的形象。
玉帝,人物,玉帝，天宫中的最高统治者。
天蓬元帅,人物,天蓬元帅，天宫中的元帅，猪八戒的原职。
卷帘大将,人物,卷帘大将，天宫中的大将，沙僧的原职。
金丹,物品,金丹，道教中修炼成仙的丹药。
蟠桃仙酒,物品,蟠桃仙酒，天宫中的美酒，孙悟空曾偷喝。
三股钢叉,物品,三股钢叉，女怪使用的兵器。
倒马毒桩,物品,倒马毒桩，女怪使用的兵器。
毒敌山琵琶洞,地点,毒敌山琵琶洞，女怪居住的地方。
西梁国,地点,西梁国，唐僧在取经路上经过的国家。
雷音寺,地点,雷音寺，如来讲经的地方。
斗牛宫,地点,斗牛宫，天宫中的宫殿。
光明宫,地点,光明宫，昴日星官的居所。
观星台,地点,观星台，昴日星官巡天的地方。
南山,地点,南山，老妈妈儿挑菜来的地方。
子母河,地点,子母河，唐僧在取经路上遇到的一条河。
毒敌山,地点,毒敌山，昴日星官与妖精交战的地方。
东天门,地点,东天门，孙悟空去请昴日星官的地方。
西天,地点,西天，唐僧取经的目的地。
唐三藏,人物,唐三藏，唐朝僧人，奉唐太宗之命西行取经。
孙悟空,人物,孙悟空，又称孙行者，唐僧的大徒弟，拥有七十二变和筋斗云的神通。
猪八戒,人物,猪八戒，唐僧的二徒弟，曾是天蓬元帅，因犯错被贬下凡。
沙悟净,人物,沙悟净，唐僧的三徒弟，原是天宫卷帘大将，因犯错被贬下凡。
唐太宗李世民,人物,唐太宗李世民，唐朝第二位皇帝，政治家、军事家、诗人。
魏征,人物,魏征（580年－643年），字玄成，唐朝政治家、军事家、文学家。
老杨,人物,老杨，一位善良的老人，住在庄子中，收留了唐僧师徒。
老杨的儿子,人物,老杨的儿子，一个不肖之子，与贼人为伍，后被打死。
贼人,人物,贼人，拦路抢劫的强盗，被孙悟空打死。
白马,人物,白马，唐僧的坐骑，被贼人要求留下。
长安,地点,长安，唐朝的都城，唐三藏出发地。
西方极乐城,地点,西方极乐城，佛教传说中的极乐世界，唐三藏的目标地。
琵琶洞,地点,琵琶洞，位于旅途中，是唐僧师徒救出蝎子精的地方。
高山,地点,高山，唐僧师徒在取经途中遇到的一座山。
平阳之地,地点,平阳之地，位于高山下的一片平坦地带。
山北下庄院,地点,山北下庄院，老杨的家，唐僧师徒在此借宿。
行者,人物,孙悟空，唐僧的大徒弟，具有极高的法力和变化能力。
沙僧,人物,沙悟净，唐僧的二徒弟，拥有降妖宝杖。
菩萨,人物,观音菩萨，佛教中的菩萨，具有极高的智慧和法力。
孙悟空,人物,孙悟空，又称齐天大圣，具有极高的法力和变化能力，是唐僧的大徒弟。
唐僧,人物,唐僧，唐三藏，唐朝高僧，前往西天取经的师傅。
沙悟净,人物,沙悟净，又称沙僧，唐僧的二徒弟，拥有降妖宝杖。
观音菩萨,人物,观音菩萨，佛教中的菩萨，具有极高的智慧和法力。
八戒,人物,猪八戒，唐僧的三徒弟，性格憨厚，喜欢吃东西。
玉帝,人物,玉皇大帝，天庭的最高统治者。
地藏王菩萨,人物,地藏王菩萨，佛教中的菩萨，具有极高的智慧和法力。
如来佛祖,人物,如来佛祖，佛教的最高领袖，位于西天灵鹫山雷音寺。
木叉行者,人物,木叉行者，观音菩萨的弟子，具有法力。
善财童子,人物,善财童子，观音菩萨的弟子，具有法力。
龙女,人物,龙女，观音菩萨的弟子，具有法力。
广目天王,人物,广目天王，佛教护法神，具有法力。
马元帅,人物,马元帅，天庭的元帅，具有法力。
赵温关四大天将,人物,赵温关四大天将，天庭的四大天将，具有法力。
唐僧的徒弟,人物,唐僧的徒弟，包括孙悟空、沙僧和猪八戒，一起保护唐僧西天取经。
妖精,人物,妖精，孙悟空的对手，假扮成孙悟空的样子。
阴君,人物,阴君，阴间的官员，负责管理生死簿。
管簿判官,人物,管簿判官，阴间的官员，负责查勘生死簿。
谛听,人物,谛听，地藏王菩萨的坐骑，具有听音辨善恶的能力。
四菩萨,人物,四菩萨，指文殊师利菩萨、普贤菩萨、观音菩萨和地藏王菩萨。
八大金刚,人物,八大金刚，佛教护法神，具有法力。
五百阿罗,人物,五百阿罗，佛教中的神祇，具有法力。
三千揭谛,人物,三千揭谛，佛教中的神祇，具有法力。
比丘僧,人物,比丘僧，佛教中的僧侣。
比丘尼,人物,比丘尼，佛教中的尼姑。
优婆塞,人物,优婆塞，佛教在家信徒。
优婆夷,人物,优婆夷，佛教在家信徒。
假唐僧,人物,假唐僧，妖精假扮的唐僧。
假八戒,人物,假八戒，妖精假扮的猪八戒。
假沙僧,人物,假沙僧，妖精假扮的沙僧。
假行者六耳猕猴,人物,假行者六耳猕猴，妖精，具有六耳猕猴的能力。
松箍儿咒,人物,松箍儿咒，解除孙悟空头上金箍的咒语。
唐三藏,人物,唐三藏，东土大唐钦差上西方求经者。
孙行者,人物,孙悟空，唐僧的大徒弟，拥有七十二变和筋斗云。
八戒,人物,猪八戒，唐僧的二徒弟，原是天蓬元帅。
沙僧,人物,沙僧，唐僧的三徒弟，原是卷帘大将。
太宗,人物,唐太宗李世民，唐朝第二位皇帝，政治家、军事家、诗人。
魏征,人物,魏征（580年－643年），字玄成，唐朝政治家、军事家、文学家。
牛魔王,人物,牛魔王，铁扇公主的丈夫，红孩儿的父亲。
红孩儿,人物,红孩儿，牛魔王的儿子，后被观音菩萨收为童子。
观音菩萨,人物,观音菩萨，佛教中的菩萨之一，具有极高的法力。
灵吉菩萨,人物,灵吉菩萨，佛教中的菩萨之一，曾帮助孙悟空降服黄风怪。
土地,人物,火焰山土地，火焰山的守护神。
铁扇公主,人物,铁扇公主，牛魔王的妻子，红孩儿的母亲，又称罗刹女。
斯哈哩国,地点,斯哈哩国，位于西方路上，日落之处，俗呼为天尽头。
火焰山,地点,火焰山，位于西方路上，离斯哈哩国有六十里，四季皆热。
翠云山,地点,翠云山，位于火焰山附近，铁扇公主的住处。
芭蕉洞,地点,芭蕉洞，位于翠云山中，铁扇公主的居所。
小须弥山,地点,小须弥山，孙悟空被铁扇公主扇到的地方。
牛魔王,人物,牛魔王，大力王，罗刹女的丈夫，积雷山摩云洞的魔王。
孙行者,人物,孙行者，又称孙悟空，翠云山芭蕉洞铁扇公主央来请牛魔王的人。
土地,人物,土地，火焰山土地，曾是兜率宫守炉的道人。
猪八戒,人物,猪八戒，又称朱悟能，孙悟空的师兄弟，唐僧的徒弟之一。
老君,人物,老君，即太上老君，道家神话人物，曾将孙悟空压在八卦炉内。
玉面公主,人物,玉面公主，积雷山摩云洞的狐王之女，牛魔王的妻子。
积雷山,地点,积雷山，位于正南方，距离此处有三千余里。
摩云洞,地点,摩云洞，位于积雷山，是牛魔王居住的地方。
火焰山,地点,火焰山，因孙悟空大闹天宫时余火而成，位于唐僧西天取经路上。
翠云山,地点,翠云山，位于芭蕉洞附近，是孙悟空的故乡。
碧波潭,地点,碧波潭，位于乱石山，是牛魔王与老龙精聚会的地方。
芭蕉洞,地点,芭蕉洞，位于翠云山，是铁扇公主的居所。
唐三藏,人物,唐三藏，唐朝僧人，法名玄奘，西天取经的主角。
孙悟空,人物,孙悟空，又称行者，是唐僧的大徒弟，拥有神通广大。
猪悟能,人物,猪悟能，又称八戒，是唐僧的二徒弟，以猪的形象出现。
沙悟净,人物,沙悟净，又称和尚，是唐僧的三徒弟，以沙的形象出现。
唐太宗李世民,人物,唐太宗李世民，唐朝第二位皇帝，政治家、军事家、诗人。
魏征,人物,魏征（580年－643年），字玄成，唐朝政治家、军事家、文学家。
万圣龙王,人物,万圣龙王，是乱石山碧波潭的龙王，派其子万圣公主和九头驸马偷取了宝塔中的舍利子佛宝。
九头驸马,人物,九头驸马，是万圣公主的驸马，与万圣公主一起偷取了宝塔中的舍利子佛宝。
王母娘娘,人物,王母娘娘，是中国神话中的女神，据说居住在灵霄殿，其九叶灵芝草被万圣公主偷走。
金光寺,地点,金光寺，位于祭赛国，是唐僧师徒取经过程中遇到的一个寺庙。
祭赛国,地点,祭赛国，是唐僧师徒取经过程中经过的一个国家。
乱石山碧波潭,地点,乱石山碧波潭，是万圣龙王居住的地方，其子万圣公主和九头驸马偷取了宝塔中的舍利子佛宝。
灵霄殿,地点,灵霄殿，是王母娘娘居住的地方，其九叶灵芝草被万圣公主偷走。
唐三藏,人物,唐三藏，唐朝僧人，奉唐太宗之命西行取经。
孙悟空,人物,孙悟空，又称齐天大圣，唐僧的大徒弟，拥有七十二变和金箍棒。
猪八戒,人物,猪八戒，又称悟能，唐僧的二徒弟，原是天蓬元帅。
沙僧,人物,沙僧，又称悟净，唐僧的三徒弟，原是卷帘大将。
如来佛祖,人物,如来佛祖，佛教创始人之一，位于灵山。
黄眉大王,人物,黄眉大王，妖王，假扮佛祖，位于小雷音寺。
玉帝,人物,玉帝，天庭最高统治者。
北方真武,人物,北方真武，号曰荡魔天尊，位于南赡部洲武当山上。
小雷音寺,地点,小雷音寺，位于妖王黄眉大王的地盘。
灵山,地点,灵山，佛教圣地，如来佛祖的居所。
南赡部洲武当山,地点,南赡部洲武当山，北方真武的居所。
天庭,地点,天庭，天宫，玉帝的居所。
孙大圣,人物,孙悟空，齐天大圣，唐僧的大徒弟，拥有七十二变和筋斗云的神通。
太宗,人物,唐太宗李世民，唐朝第二位皇帝，政治家、军事家、诗人。
魏征,人物,魏征（580年－643年），字玄成，唐朝政治家、军事家、文学家。
武当山,地点,位于湖北省西北部，是中国道教名山之一，有太和宫等著名建筑。
南赡部洲,地点,佛教中四大部洲之一，位于南方，相当于地球上的亚洲。
小雷音寺,地点,位于西牛贺洲的一座寺庙，有妖魔出没。
小西天,地点,位于西牛贺洲的一座山，有妖魔出没。
盱眙山,地点,位于江苏省淮安市盱眙县，是中国佛教名山之一。
泗洲,地点,位于江苏省宿迁市泗阳县，是佛教圣地。
大圣禅寺,地点,位于泗洲，是佛教寺庙。
极乐世界,地点,佛教中描述的西方净土，是佛祖所在之地。
金阙仁慈治世门,地点,描述了玉虚师相所在的地方，具有神秘色彩。
祖师仙境,地点,描述了武当山太和宫的仙境，有祖师在此修行。
祖师,人物,玉虚师相，武当山太和宫的祖师，有很高的修为和法力。
玉皇,人物,玉皇大帝，天宫之主，统管三界神仙。
元始天尊,人物,道教中的最高神祇之一，有很高的修为和法力。
弥勒佛,人物,佛教中的菩萨，以笑佛著称，有很高的修为和法力。
黄眉大王,人物,妖魔，假扮佛祖，捉拿唐僧。
小张太子,人物,泗州大圣国师王菩萨的徒弟，有很高的武艺。
四大神将,人物,小张太子的四位神将，有很高的武艺。
功曹,人物,道教中的神祇，负责传达神意。
菩萨,人物,佛教中的菩萨，有很高的修为和法力。
妖精,人物,指各种妖怪，具有魔法和神通。
妖王,人物,妖怪之王，有很高的法力和武艺。
日值功曹,人物,道教中的神祇，负责传达神意。
唐僧,人物,唐僧，东土大唐高僧，奉唐王旨意前往西天取经。
孙行者,人物,孙行者，又称孙悟空，唐僧的大徒弟，善于武艺，机智勇敢。
八戒,人物,八戒，又称猪八戒，唐僧的二徒弟，憨厚老实，有些贪吃懒惰。
沙僧,人物,沙僧，唐僧的三徒弟，忠诚老实，力大无穷。
太宗,人物,唐太宗李世民，唐朝第二位皇帝，政治家、军事家、诗人。
魏征,人物,魏征（580年－643年），字玄成，唐朝政治家、军事家、文学家。
朱紫国王,人物,朱紫国王，西牛贺洲的国王，久病多时，寻求良医。
太医院官,人物,太医院官，负责朱紫国王的医疗服务。
司礼监内臣,人物,司礼监内臣，朱紫国王的宫廷内臣。
校尉,人物,校尉，朱紫国王的宫廷卫队。
太监,人物,太监，朱紫国王的宫廷内臣。
近侍宦官,人物,近侍宦官，朱紫国王的宫廷内臣。
唐王,人物,唐王，唐朝皇帝，唐僧的君主。
崔判官,人物,崔判官，冥司判官，协助唐王治病。
长安城,地点,长安城，唐朝的都城。
朱紫国,地点,朱紫国，西牛贺洲的一个国家。
会同馆,地点,会同馆，朱紫国的一个机构，负责接待外宾。
五凤楼,地点,五凤楼，朱紫国的一个建筑。
披香殿,地点,披香殿，朱紫国的一个宫殿。
鼓楼,地点,鼓楼，朱紫国的一个建筑。
郑家杂货店,地点,郑家杂货店，朱紫国的一家店铺。
街市,地点,街市，朱紫国的一个商业区。
玉阶,地点,玉阶，朱紫国王宫中的台阶。
金殿,地点,金殿，朱紫国王宫中的宫殿。
端门外,地点,端门外，朱紫国王宫的外门。
冥司,地点,冥司，阴间的行政区域。
酆都城,地点,酆都城，阴间的城市。
孙大圣,人物,孙悟空，又称孙行者，是唐僧的大徒弟，拥有七十二变和筋斗云的能力。
唐僧,人物,唐三藏，唐朝僧人，奉唐王之命去西天取经。
魏征,人物,魏征（580年－643年），字玄成，唐朝政治家、军事家、文学家。
太宗,人物,唐太宗李世民，唐朝第二位皇帝，政治家、军事家、诗人。
宦官,人物,宦官，古代宫廷中的官员，多为阉人。
国王,人物,指文华殿中的国王，即唐王。
太医官,人物,太医院中的官员，负责为皇帝和宫廷成员治病。
长老,人物,指唐僧，因其出家为僧，故称为长老。
八戒,人物,猪八戒，唐僧的二徒弟，原为天蓬元帅，因犯错被贬下凡。
沙僧,人物,沙悟净，唐僧的三徒弟，原为卷帘大将，因犯错被贬下凡。
龙宫,地点,指西海龙王敖广的居所，即龙宫。
皇宫,地点,指国王的居所，即皇宫。
寝宫,地点,指国王的卧室，即寝宫。
御花园,地点,指国王的花园，即御花园。
海榴亭,地点,指御花园中的亭子，即海榴亭。
避妖楼,地点,指国王为躲避妖精而建的楼，即避妖楼。
会同馆,地点,指行者制药的地方，即会同馆。
东阁,地点,指国王为唐僧等人准备的宴会地点，即东阁。
金銮殿,地点,指国王处理政务的地方，即金銮殿。
麒麟山獬豸洞,地点,指赛太岁居住的地方，即麒麟山獬豸洞。
太宗,人物,唐朝第二位皇帝，政治家、军事家、诗人。
魏征,人物,唐朝政治家、军事家、文学家。
孙行者,人物,齐天大圣孙悟空，唐僧的大徒弟，具有神通广大、机智勇敢的特点。
金圣娘娘,人物,朱紫国的皇后，被妖怪赛太岁强夺。
唐僧,人物,东土大唐的僧人，唐僧师徒四人中的师傅。
金圣皇后,人物,朱紫国的皇后，被妖怪赛太岁强夺。
朱紫国皇帝,人物,朱紫国的君主，被妖怪赛太岁欺压。
赛太岁,人物,麒麟山獬豸洞的大王，欺压朱紫国。
八戒,人物,唐僧的二徒弟，具有猪八戒的形象和特点。
沙僧,人物,唐僧的三徒弟，具有沙僧的形象和特点。
金铃,物品,赛太岁拥有的宝贝，可以召唤出烟火黄沙。
金杯,物品,国王用来敬酒的金杯。
黄金宝串,物品,金圣宫手上带的饰品，是她的心爱之物。
铃铛,物品,赛太岁拥有的宝贝，可以召唤出烟火黄沙。
牙牌,物品,有来有去佩戴的牌，上面有字。
黄旗,物品,有来有去背着的旗帜。
铜锣,物品,有来有去敲打的锣。
宝串,物品,金圣宫手上带的饰品，是她的心爱之物。
宝珠,物品,被沙灰遮住眼睛时出现的宝珠。
豹皮,物品,行者用来包藏金铃的豹皮。
锦缎,物品,金圣宫穿过的锦缎。
绫罗,物品,金圣宫穿过的绫罗。
貂裘,物品,金圣宫穿过的貂裘。
血食,物品,金圣宫吃过的血食。
椰子酒,物品,金圣宫喝过的椰子酒。
酒席,地点,国王为行者设的酒席。
便殿,地点,太宗与魏征对弈的地方。
避妖楼,地点,唐僧和皇帝躲避妖怪的地方。
酒席前,地点,皇帝向行者敬酒的地方。
西门,地点,发生火灾的地方。
朝门外,地点,官来报信的地方。
酒席上,地点,皇帝和行者喝酒的地方。
宝殿,地点,国王接待唐僧的地方。
朱紫国,地点,金圣皇后被妖怪强夺的地方。
麒麟山獬豸洞,地点,赛太岁的巢穴。
剥皮亭,地点,赛太岁与行者相遇的地方。
后宫,地点,金圣娘娘住的地方。
妆台,地点,金圣娘娘化妆的地方。
宫门,地点,大王与娘娘对话的地方。
石屋虚堂,地点,大王居住的地方。
亭子,地点,大王和娘娘对话的地方。
石壁,地点,行者变成苍蝇的地方。
太宗,人物,唐太宗李世民，唐朝第二位皇帝，政治家、军事家、诗人。
魏征,人物,魏征（580年－643年），字玄成，唐朝政治家、军事家、文学家。
赛太岁,人物,赛太岁，小说《西游记》中的妖怪，曾与孙悟空斗法。
行者,人物,行者，孙悟空的别称，小说《西游记》中的主要人物之一，具有高超的武艺和变化能力。
观音菩萨,人物,观音菩萨，佛教中慈悲为怀的菩萨，具有极高的法力。
金圣娘娘,人物,金圣娘娘，小说《西游记》中的角色，是赛太岁的妻子。
朱紫国王,人物,朱紫国王，小说《西游记》中的国家君主。
唐僧,人物,唐僧，小说《西游记》中的主要人物之一，前往西天取经的僧人。
孙悟空,人物,孙悟空，小说《西游记》中的主要人物之一，具有高超的武艺和变化能力。
赛太岁,地点,赛太岁的巢穴，小说《西游记》中的地点。
剥皮亭,地点,剥皮亭，小说《西游记》中的地点，赛太岁在此地居住。
后宫门首,地点,后宫门首，小说《西游记》中的地点，金圣娘娘在此地哭泣。
玉面狐狸,地点,玉面狐狸的居所，小说《西游记》中的地点。
罗帐之外,地点,罗帐之外，小说《西游记》中的地点，妖王在此地与娘娘交谈。
獬豸洞,地点,獬豸洞，小说《西游记》中的地点，孙悟空在此地与妖怪斗法。
麒麟山,地点,麒麟山，小说《西游记》中的地点，金圣娘娘在此地被妖王囚禁。
凤阁龙楼,地点,凤阁龙楼，小说《西游记》中的地点，朱紫国王和王后在此地重逢。
东阁,地点,东阁，小说《西游记》中的地点，朱紫国王在此地宴请唐僧和徒弟们。
唐僧,人物,唐僧，东土大唐驾下钦差，前往西天取经的和尚。
孙悟空,人物,孙悟空，又称孙大圣，唐僧的大徒弟，拥有七十二变和筋斗云的能力。
八戒,人物,猪八戒，唐僧的二徒弟，原为天蓬元帅，因犯错被贬下凡。
沙僧,人物,沙僧，唐僧的三徒弟，原为卷帘大将，因犯错被贬下凡。
太宗,人物,唐太宗李世民，唐朝第二位皇帝，政治家、军事家、诗人。
魏征,人物,魏征（580年－643年），字玄成，唐朝政治家、军事家、文学家。
道士,人物,黄花观观主，与蜘蛛精结为兄妹，后与孙悟空大战。
蜘蛛精,人物,七个蜘蛛精，与道士结为兄妹，企图吃唐僧肉。
毗蓝婆菩萨,人物,毗蓝婆菩萨，能降妖伏魔，帮助孙悟空打败道士。
黎山老姆,人物,黎山老姆，观音菩萨的化身，指点孙悟空前往紫云山。
昴日星官,人物,昴日星官，毗蓝婆菩萨的儿子，炼成绣花针帮助孙悟空。
多目怪,人物,道士的真身，为一条七尺长短的大蜈蚣精。
王侯第宅,地点,描述的是一处豪华的住宅。
豪富人家,地点,描述的是一处富有的家庭。
庵观寺院,地点,描述的是一处道观。
黄花观,地点,道士居住的地方，位于盘丝洞附近。
盘丝洞,地点,蜘蛛精居住的地方。
濯垢泉,地点,孙悟空与蜘蛛精相遇的地方。
紫云山,地点,毗蓝婆菩萨居住的地方。
千花洞,地点,毗蓝婆菩萨的洞府。
太宗,人物,唐太宗李世民，唐朝第二位皇帝，政治家、军事家、诗人。
魏征,人物,魏征（580年－643年），字玄成，唐朝政治家、军事家、文学家。
唐僧,人物,唐僧，唐代著名佛教僧人，西游记中的主要人物，奉唐太宗之命西天取经。
悟空,人物,孙悟空，唐僧的大徒弟，拥有七十二变和如意金箍棒，聪明机智，武艺高强。
八戒,人物,猪八戒，唐僧的二徒弟，力大无穷，但贪吃懒惰。
沙僧,人物,沙僧，唐僧的三徒弟，忠诚老实，武艺高强。
太白金星,人物,太白金星，中国神话中的天神，负责天上的星宿和预言。
小钻风,人物,小钻风，狮驼岭狮驼洞的巡山小妖，负责巡山和传递消息。
狮驼岭,地点,狮驼岭，位于西游记故事中的地方，有狮驼洞，是三个魔头的巢穴。
狮驼洞,地点,狮驼洞，位于狮驼岭，是三个魔头的巢穴。
八百里狮驼岭,地点,八百里狮驼岭，位于西游记故事中的地方，是狮驼洞的所在地。
狮驼国,地点,狮驼国，位于西游记故事中的地方，是三大王的原住地。
阴司,地点,阴司，中国神话中的地府，负责管理死去的人。
森罗殿,地点,森罗殿，阴司中的宫殿，由阎王掌管。
南天门,地点,南天门，天宫的南门，由天兵天将守卫。
王母娘娘的蟠桃大会,地点,王母娘娘的蟠桃大会，是中国神话中的盛大会，诸仙参加。
天宫,地点,天宫，中国神话中的天庭，是玉皇大帝的居所。
灵出,地点,灵出，未知具体位置，可能是与天宫相关的地方。
天宫,地点,天宫，中国神话中的天庭，是玉皇大帝的居所。
四海龙宫,地点,四海龙宫，四海龙王居住的地方。
八洞仙府,地点,八洞仙府，八洞仙人居住的地方。
十地阎君的宫殿,地点,十地阎君的宫殿，十地阎君居住的地方。
社令城隍的庙宇,地点,社令城隍的庙宇，社令城隍居住的地方。
山背后,地点,山背后，指的是狮驼岭的山后面。
大路,地点,大路，指的是通往西天取经的道路。
山南,地点,山南，指的是狮驼岭的南部。
山北,地点,山北，指的是狮驼岭的北部。
东路口,地点,东路口，指的是狮驼岭的东入口。
西路口,地点,西路口，指的是狮驼岭的西入口。
南岭,地点,南岭，指的是狮驼岭的南面山岭。
北岭,地点,北岭，指的是狮驼岭的北面山岭。
笔峰,地点,笔峰，位于狮驼岭，形状像笔。
石崖,地点,石崖，位于狮驼岭，行者曾在上面变形成小钻风。
大路,地点,大路，指的是通往西天取经的道路。
深山,地点,深山，指的是狮驼岭的深处。
西天,地点,西天，指的是佛教中的极乐世界，是取经的目的地。
唐长老,人物,唐僧，唐朝和尚，唐僧师徒四人中的师傅，前往西天取经。
大圣,人物,孙悟空，唐僧师徒四人中的大徒弟，拥有七十二变和筋斗云等神通。
魏征,人物,魏征（580年－643年），字玄成，唐朝政治家、军事家、文学家。
太宗,人物,唐太宗李世民，唐朝第二位皇帝，政治家、军事家、诗人。
三个魔头,人物,指狮驼山狮驼洞狮驼城的三个妖魔，分别为狮王、象王、大鹏。
老魔,人物,指狮驼国老魔，即狮王。
二魔,人物,指狮驼国二魔，即象王。
三魔,人物,指狮驼国三魔，即大鹏。
八戒,人物,猪八戒，唐僧师徒四人中的二徒弟，曾因吃人而成为妖怪。
沙僧,人物,沙和尚，唐僧师徒四人中的三徒弟，曾因打死九灵元圣而成为妖怪。
行者,人物,孙悟空的别称。
唐僧,人物,唐僧，唐朝和尚，唐僧师徒四人中的师傅，前往西天取经。
金箍棒,物品,孙悟空的金箍棒，能变大变小，变化多端。
方天戟,物品,方天戟，一种古代兵器。
钉钯,物品,八戒的武器，形似钉耙。
长枪,物品,三怪的武器，形似枪。
宝杖,物品,沙僧的武器，形似禅杖。
钢刀,物品,老魔的武器，形似刀。
铁笼,物品,妖精用来蒸唐僧等人的铁笼。
锦襕袈裟,物品,唐僧的袈裟，上有夜明珠。
金銮殿,地点,指狮驼国的皇宫。
狮驼山,地点,指狮驼国所在的山。
狮驼洞,地点,指狮驼国的洞府。
狮驼城,地点,指狮驼国的城市。
五台山,地点,佛教四大名山之一。
峨眉山,地点,佛教四大名山之一。
灵山,地点,佛教四大名山之一。
金霞岭,地点,昆仑山的一座山岭。
锦香亭,地点,狮驼国皇宫中的一座亭子。
金銮殿前,地点,指金銮殿前的广场。
后宰门,地点,指狮驼国皇宫的后门。
正阳门,地点,指狮驼国的城门。
城东山上,地点,指狮驼城东的一座山。
天竺,地点,指印度。
雪山顶上,地点,指喜马拉雅山脉的雪山顶。
太宗,人物,唐太宗李世民，唐朝第二位皇帝，政治家、军事家、诗人。
魏征,人物,魏征（580年－643年），字玄成，唐朝政治家、军事家、文学家。
孙大圣,人物,孙大圣，即孙悟空，是中国古典名著《西游记》中的主要人物之一，为齐天大圣。
如来,人物,如来，佛教中佛祖的别称，是孙悟空所请来收服众怪的神。
三藏师徒,人物,三藏师徒，指的是唐僧师徒四人，即唐僧、孙悟空、猪八戒和沙僧。
唐僧,人物,唐僧，即玄奘法师，唐朝著名高僧，奉唐太宗之命前往西天取经。
孙悟空,人物,孙悟空，又称齐天大圣，是唐僧的大徒弟，具有七十二变和筋斗云等神通。
猪八戒,人物,猪八戒，又称悟能，是唐僧的二徒弟，具有猪的形象，力大无穷。
沙僧,人物,沙僧，又称悟净，是唐僧的三徒弟，性格沉稳，善于降妖伏魔。
比丘国,地点,比丘国，是《西游记》中的一个国家，故事中唐僧师徒曾在此地经过。
小子城,地点,小子城，是比丘国改名后的名称，故事中唐僧师徒在此地得知了国王无道之事。
金亭馆驿,地点,金亭馆驿，是唐僧师徒在比丘国停留的地方，他们在此地休息并得知了鹅笼中儿童的秘密。
西天,地点,西天，指的是佛教传说中的极乐世界，是唐僧师徒取经的目的地。
十洲、三岛,地点,十洲、三岛，是传说中海外仙岛的总称，国丈曾前往采药。
玉阶前,地点,玉阶前，指的是宫殿的台阶前，国丈在此地进入宫殿。
金銮殿,地点,金銮殿，是皇帝处理朝政的地方，唐僧在此地向国王呈上关文。
金亭馆驿,地点,金亭馆驿，是唐僧师徒在比丘国停留的地方，他们在此地休息并得知了鹅笼中儿童的秘密。
馆驿,地点,馆驿，古代供行人歇息和更换马匹的场所，唐僧师徒在此地休息。
比丘国,地点,比丘国，故事中的国家，唐僧四众出城的地点。
唐僧,人物,唐僧，唐朝和尚，奉唐王之命前往西天取经。
行者,人物,行者，孙悟空的别称，唐僧的大徒弟。
八戒,人物,八戒，猪八戒的别称，唐僧的二徒弟。
沙僧,人物,沙僧，沙悟净的别称，唐僧的三徒弟。
大圣,人物,大圣，孙悟空的尊称。
唐王,人物,唐王，唐朝的皇帝，唐僧取经的发起者。
观音,人物,观音，佛教菩萨，具有极高的法力。
金蝉长老,人物,金蝉长老，唐僧的前世，修行千世的好人。
唐僧四众,人物,唐僧和他的三个徒弟，一同西天取经的团队。
唐王天地,地点,唐王统治下的天下，唐僧出发的地方。
巫山峰,地点,巫山峰，故事中唐僧经过的山峰。
东土,地点,东土，指中国，唐僧出发的地方。
西天,地点,西天，指印度，唐僧取经的目的地。
贫婆国,地点,贫婆国，故事中女子的家乡。
松林,地点,松林，故事中唐僧一行人遇到的森林。
镇海禅林寺,地点,镇海禅林寺，故事中唐僧一行人借宿的寺庙。
国王,人物,国王，文中提到为国家统治者，具有决策权。
太宗,人物,太宗，可能是对皇帝的尊称，具体身份未明确。
魏征,人物,魏征，唐朝政治家、军事家、文学家。
众卿,人物,众卿，指众多官员。
和尚,人物,和尚，指佛教出家人。
朕,人物,朕，古代皇帝自称。
君臣,人物,君臣，指君主与臣子。
三藏,人物,三藏，指唐僧，东土大唐驾下差往西方天竺国大雷音寺拜活佛取真经的。
行者,人物,行者，指孙悟空，唐僧的大徒弟。
八戒,人物,八戒，指猪八戒，唐僧的二徒弟。
沙僧,人物,沙僧，指沙悟净，唐僧的三徒弟。
光禄寺,地点,光禄寺，古代官署名，掌管宫廷膳食。
宝方饭店,地点,宝方饭店，文中提到的饭店。
五凤楼,地点,五凤楼，古代宫殿建筑。
丹墀,地点,丹墀，指宫殿前的石阶。
金銮宝殿,地点,金銮宝殿，古代帝王的宫殿。
钦法国,地点,钦法国，文中提到的国家名称。
东土大唐,地点,东土大唐，指中国唐朝。
西方天竺国,地点,西方天竺国，指印度。
大雷音寺,地点,大雷音寺，指印度佛教圣地。
高庄,地点,高庄，文中提到的一个村庄。
狮驼岭,地点,狮驼岭，文中提到的山岭。
狮驼洞,地点,狮驼洞，文中提到的山洞。
本山,地点,本山，指妖精所在的山区。
后园,地点,后园，指妖精的住所的后花园。
枉死城,地点,枉死城，指阴间的一种地方。
太宗,人物,唐太宗李世民，唐朝第二位皇帝，政治家、军事家、诗人。
魏征,人物,魏征（580年－643年），字玄成，唐朝政治家、军事家、文学家。
三藏,人物,唐僧，东土大唐僧人，奉命前往天竺国取经。
悟空,人物,孙悟空，唐僧的大徒弟，会七十二变，有筋斗云。
八戒,人物,猪八戒，唐僧的二徒弟，会变身术。
沙僧,人物,沙僧，唐僧的三徒弟，会变化。
郡侯,人物,凤仙郡的郡侯，因为冒犯天地导致干旱。
玉帝,人物,玉皇大帝，天庭之主。
天尊,人物,九天应元府的天尊。
唐僧,人物,东土大唐僧人，奉命前往天竺国取经。
龙王,人物,东海龙王敖广，掌管降雨。
雷部,人物,雷部神将，负责雷电。
云部,人物,云部神将，负责云彩。
风部,人物,风部神将，负责风。
孙大圣,人物,孙悟空的别称。
护国天王,人物,天庭护国天王，负责保护天庭。
四大天师,人物,天庭四大天师，负责教务。
直符使者,人物,天庭直符使者，负责文书传递。
邓辛张陶帅,人物,九天应元府的将领，协助孙悟空降雨。
闪电娘子,人物,九天应元府的将领，协助孙悟空降雨。
凤仙郡,地点,位于天竺国之外的一个郡。
天竺国,地点,位于东方的一个国家。
灵山大雷音寺,地点,位于天竺国的一座寺庙。
披香殿,地点,天庭的一座宫殿。
九天应元府,地点,天庭的一个地方。
通明殿,地点,天庭的一座宫殿。
灵霄殿,地点,天庭的一座宫殿。
天宫,地点,天庭的总称。
凤仙郡郡侯府,地点,凤仙郡郡侯的官邸。
天竺国界,地点,天竺国的边界。
西天门外,地点,天庭西天门外的区域。
九凤丹霞之扆,地点,九天应元府的宝座所在。
雷门,地点,九天应元府的雷部所在。
凤仙郡界,地点,凤仙郡的边界。
郡里,地点,凤仙郡的城内。
甘霖普济寺,地点,由唐僧命名的一座寺庙。
新寺,地点,由郡侯修建的一座新寺庙。
唐僧,人物,唐僧，唐朝僧人，取经团队的核心人物，具有极高的佛学造诣。
行者,人物,孙悟空，唐僧的大徒弟，具有神通广大，能变化万物的能力。
八戒,人物,猪八戒，唐僧的二徒弟，具有猪的形象，力大无穷。
沙僧,人物,沙悟净，唐僧的三徒弟，具有沙僧的形象，忠诚可靠。
唐太宗,人物,唐太宗李世民，唐朝第二位皇帝，政治家、军事家、诗人。
魏征,人物,魏征（580年－643年），字玄成，唐朝政治家、军事家、文学家。
玉华王,人物,玉华王，天竺国的郡王，敬僧道，重爱黎民。
玉华王父,人物,玉华王之父，天竺国的皇帝之宗室。
玉华王母,人物,玉华王之母，天竺国的皇后之宗室。
大王子,人物,玉华王的大王子，好武好强，有强烈的武艺追求。
二王子,人物,玉华王的二王子，好武好强，有强烈的武艺追求。
三王子,人物,玉华王的三王子，好武好强，有强烈的武艺追求。
妖精,人物,妖精，豹头山虎口洞的妖精，觊觎三件神兵。
天竺国,地点,天竺国，故事发生的主要国家，位于西域。
玉华县,地点,玉华县，天竺国下的一个郡，故事发生的主要地点。
暴纱亭,地点,暴纱亭，玉华王府内的一处亭子，故事中师徒四人曾在此用斋。
王府,地点,王府，玉华王的居所，故事中发生许多重要事件。
宫,地点,宫，玉华王的宫殿，故事中发生许多重要事件。
王府前,地点,王府前，故事中师徒四人曾在此等待进入王府。
城垣,地点,城垣，玉华县城的城墙，故事中师徒四人曾看到城垣。
待客馆,地点,待客馆，王府内的一个馆所，故事中师徒四人在此休息。
酒楼歌馆,地点,酒楼歌馆，玉华县城内繁华的商业区，故事中师徒四人曾经过。
暴纱亭后,地点,暴纱亭后，故事中行者传授武艺的地点。
豹头山,地点,豹头山，故事中妖精的藏身之处。
虎口洞,地点,虎口洞，故事中妖精的藏身之处。
孙大圣,人物,孙悟空，又称孙行者，是《西游记》中的主要人物之一，具有极高的武艺和法力。
八戒,人物,猪八戒，又称悟能，是《西游记》中的主要人物之一，具有勇猛和憨厚的性格。
沙僧,人物,沙悟净，又称沙僧，是《西游记》中的主要人物之一，忠诚可靠。
太宗,人物,唐太宗李世民，唐朝第二位皇帝，政治家、军事家、诗人。
魏征,人物,魏征（580年－643年），字玄成，唐朝政治家、军事家、文学家。
黄狮精,人物,黄狮精是《西游记》中的妖怪之一，具有强大的法力和武艺。
狻猊狮,人物,狻猊狮是《西游记》中的妖怪之一，具有强大的法力和武艺。
抟象狮,人物,抟象狮是《西游记》中的妖怪之一，具有强大的法力和武艺。
白泽狮,人物,白泽狮是《西游记》中的妖怪之一，具有强大的法力和武艺。
伏狸狮,人物,伏狸狮是《西游记》中的妖怪之一，具有强大的法力和武艺。
猱狮,人物,猱狮是《西游记》中的妖怪之一，具有强大的法力和武艺。
雪狮,人物,雪狮是《西游记》中的妖怪之一，具有强大的法力和武艺。
九头狮子,人物,九头狮子是《西游记》中的妖怪之一，具有强大的法力和武艺。
青脸儿怪,人物,青脸儿怪是《西游记》中的妖怪之一，具有强大的法力和武艺。
刁钻古怪儿,人物,刁钻古怪儿是《西游记》中的妖怪之一，具有强大的法力和武艺。
古怪刁钻儿,人物,古怪刁钻儿是《西游记》中的妖怪之一，具有强大的法力和武艺。
沙僧行者,人物,沙悟净，又称沙僧，是《西游记》中的主要人物之一，忠诚可靠。
行者,人物,孙悟空，又称孙行者，是《西游记》中的主要人物之一，具有极高的武艺和法力。
老王,人物,玉华州国王，对待唐僧师徒友好。
大王子,人物,玉华州大王子，对待唐僧师徒友好。
二王子,人物,玉华州二王子，对待唐僧师徒友好。
三王子,人物,玉华州三王子，对待唐僧师徒友好。
金毛狮怪,人物,金毛狮怪是《西游记》中的妖怪之一，具有强大的法力和武艺。
太乙救苦天尊,人物,太乙救苦天尊是道教神祇之一，具有极高的法力。
广目天王,人物,广目天王是佛教护法神之一，具有极高的法力。
天丁,人物,天丁是道教神祇之一，具有极高的法力。
力士,人物,力士是道教神祇之一，具有极高的法力。
揭谛,人物,揭谛是佛教护法神之一，具有极高的法力。
金甲,人物,金甲是佛教护法神之一，具有极高的法力。
土地,人物,土地是道教神祇之一，具有管理地方的神力。
狮奴儿,人物,狮奴儿是九头狮子的仆人，负责照顾九头狮子。
老妖,人物,九头狮子的主人，具有强大的法力和武艺。
行者,人物,孙悟空，又称孙行者，是《西游记》中的主要人物之一，具有极高的武艺和法力。
天尊,人物,太乙救苦天尊，道教神祇之一，具有极高的法力。
众神,人物,包括众佛教和道教神祇，具有极高的法力。
王父子,人物,玉华州国王和他的儿子们。
唐僧,人物,唐僧，又称唐三藏，是《西游记》中的主要人物之一，前往西天取经。
小妖,人物,九头狮子的手下，具有法力和武艺。
众军民,人物,玉华州的民众。
匠作,人物,制造兵器的工匠。
王子们,人物,玉华州的王子们。
三藏,人物,唐僧，又称唐三藏，是《西游记》中的主要人物之一，前往西天取经。
八戒、沙僧,人物,猪八戒和沙悟净，是《西游记》中的主要人物之一，忠诚可靠。
众神,人物,包括众佛教和道教神祇，具有极高的法力。
三藏、八戒、沙僧,人物,唐僧、猪八戒和沙悟净，是《西游记》中的主要人物之一，忠诚可靠。
王子们、匠作、众神、三藏、八戒、沙僧,人物,包括玉华州的王子们、制造兵器的工匠、众佛教和道教神祇、唐僧、猪八戒和沙悟净。
唐僧,人物,唐僧，唐朝僧人，前往天竺国大雷音寺取经的法师。
孙悟空,人物,孙悟空，齐天大圣，唐僧的大徒弟，有神通广大，能翻筋斗云。
猪八戒,人物,猪八戒，天蓬大元帅转世，唐僧的二徒弟，有法力高强。
沙和尚,人物,沙和尚，卷帘大将转世，唐僧的三徒弟，有勇有谋。
太宗,人物,唐太宗李世民，唐朝第二位皇帝，政治家、军事家、诗人。
魏征,人物,魏征（580年－643年），字玄成，唐朝政治家、军事家、文学家。
唐王,人物,唐王，唐朝的皇帝，派遣唐僧前往天竺国取经。
金平府,地点,金平府，位于天竺国外郡，是唐僧师徒取经途中的重要地点。
慈云寺,地点,慈云寺，位于金平府，是唐僧师徒歇息的地方。
旻天县,地点,旻天县，位于金平府后，是提供金灯油的地方。
青龙山,地点,青龙山，位于金平府附近，是妖精藏身的地方。
玄英洞,地点,玄英洞，位于青龙山中，是妖精居住的洞穴。
金灯桥,地点,金灯桥，位于金平府，是唐僧师徒观赏金灯的地方。
长安洪福寺,地点,长安洪福寺，是唐僧曾经任职的寺庙。
金山寺,地点,金山寺，是唐僧的出家之地。
孙大圣,人物,孙悟空，唐僧的大徒弟，具有七十二变的能力。
唐僧,人物,唐三藏，唐僧取经的主角，一个虔诚的佛教徒。
八戒,人物,猪八戒，唐僧的二徒弟，性格贪吃懒惰。
沙僧,人物,沙悟净，唐僧的三徒弟，性格沉稳。
太宗,人物,唐太宗李世民，唐朝第二位皇帝，政治家、军事家、诗人。
魏征,人物,魏征（580年－643年），字玄成，唐朝政治家、军事家、文学家。
辟寒大王,人物,青龙山玄英洞中的妖王之一，具有强大的法力。
辟暑大王,人物,青龙山玄英洞中的妖王之一，具有强大的法力。
辟尘大王,人物,青龙山玄英洞中的妖王之一，具有强大的法力。
太白金星,人物,天宫中的仙人，负责传达天命。
增长天王,人物,天宫中的天王之一，负责守护天宫。
殷、朱、陶、许四大灵官,人物,天宫中的四位灵官，负责协助天帝执行命令。
玉帝,人物,天宫的最高统治者，负责管理天庭和三界。
许天师,人物,天宫中的天师，负责管理道教事务。
角木蛟,人物,二十八宿之一，负责守护东方。
斗木獬,人物,二十八宿之一，负责守护北方。
奎木狼,人物,二十八宿之一，负责守护西方。
井木犴,人物,二十八宿之一，负责守护南方。
敖顺,人物,西海龙王，负责管理西海。
摩昂,人物,敖顺的儿子，负责协助父亲管理西海。
金平府刺史,人物,金平府的地方官员。
长老,人物,慈云寺的主持，负责管理寺庙。
车驾,人物,指唐僧一行人。
犀牛精,人物,青龙山玄英洞中的妖魔，具有强大的法力。
牛精,人物,青龙山玄英洞中的妖魔，犀牛精的手下。
龟鳖鼋鼍,人物,西海中的海兽，协助敖顺管理西海。
虾兵蟹卒,人物,西海中的虾兵蟹将，协助敖顺管理西海。
慈云寺僧,人物,慈云寺的僧人。
乡官,人物,金平府的地方官员。
大户人家,人物,金平府的富裕人家。
唐僧,人物,唐僧，唐朝僧人，取经团队的主要人物。
国王,人物,天竺国的国王，唐僧取经团队在途中的赞助者。
皇后,人物,天竺国的皇后，对唐僧师徒友好。
公主,人物,天竺国的公主，原是素娥仙子转世，被玉兔妖精假扮。
长老,人物,唐僧的师傅，佛教高僧。
行者,人物,孙悟空，唐僧取经团队的主要护法。
玉兔,人物,月宫的玉兔，私自走出广寒宫，变成了公主的模样。
素娥,人物,月宫的仙子，原是玉兔的主人，转世成为天竺国的公主。
太阴星君,人物,月宫的统治者，玉兔的主人。
嫦娥,人物,月宫中的仙女，太阴星君的助手。
多官,人物,天竺国的官员，国王的臣子。
老僧,人物,给孤布金寺的老僧，曾照顾过被风吹来的公主。
八戒,人物,猪八戒，唐僧取经团队的成员，以猪的形象出现。
沙僧,人物,沙悟净，唐僧取经团队的成员，以沙的形象出现。
庞刘苟毕四大元帅,人物,天竺国的四大元帅，负责守卫天门。
孙大圣,人物,孙悟空的别称。
金箍棒,物品,孙悟空使用的武器，一根可以伸缩的如意金箍棒。
捣药杵,物品,玉兔使用的武器，用于捣药。
布金寺,地点,位于天竺国的一座寺庙，唐僧在此求得宿。
天竺国,地点,故事发生的主要国家，位于西天路途。
御花园,地点,天竺国的皇家花园，玉兔在此假扮公主。
毛颖山,地点,位于天竺国的一座山，妖精在此躲避。
西天门,地点,通往西天的门户，由天神守卫。
广寒宫,地点,月宫的别称，玉兔的居所。
蟾宫,地点,月宫的别称，素娥仙子的居所。
天竺国界,地点,天竺国的边界。
百脚山,地点,被行者改为宝华山的地方。
宝华山,地点,由百脚山改名的山，位于天竺国境内。
华夷楼上,地点,天竺国的一座楼，用于供奉唐僧师徒。
三市六街,地点,天竺国的商业区。
布金旧园,地点,布金寺的旧园，公主被风吹至此处。
唐僧,人物,唐僧，唐朝和尚，前往西天取经的领袖。
太宗,人物,唐太宗李世民，唐朝第二位皇帝，政治家、军事家、诗人。
魏征,人物,魏征（580年－643年），字玄成，唐朝政治家、军事家、文学家。
寇员外,人物,寇员外，唐朝富豪，家中被强盗洗劫。
寇洪,人物,寇洪，寇员外的父亲，因被强盗踢死而亡。
寇梁,人物,寇梁，寇员外的儿子之一。
寇栋,人物,寇栋，寇员外的儿子之一。
猪八戒,人物,猪八戒，唐僧的徒弟，天蓬元帅转世。
沙和尚,人物,沙和尚，唐僧的徒弟，卷帘大将转世。
孙行者,人物,孙行者，唐僧的徒弟，齐天大圣孙悟空。
刺史,人物,刺史，铜台府的官员，正直贤良。
地灵县,地点,地灵县，铜台府下辖的一个县。
铜台府,地点,铜台府，唐朝的一个行政区域。
华光行院,地点,华光行院，唐僧师徒暂住的地方。
山凹,地点,山凹，强盗分赃的地方。
幽冥地界,地点,幽冥地界，阴间的地方。
翠云宫,地点,翠云宫，地藏王菩萨的宫殿。
森罗殿,地点,森罗殿，阎王殿，阴间的审判之所。
枉死城,地点,枉死城，阴间为冤死之人设立的城市。
奈河桥,地点,奈河桥，阴间通往地府的桥梁。
灵山,地点,灵山，佛教圣地，佛祖所在之地。
太宗,人物,唐太宗李世民，唐朝第二位皇帝，政治家、军事家、诗人。
魏征,人物,魏征（580年－643年），字玄成，唐朝政治家、军事家、文学家。
唐僧,人物,唐僧，又称玄奘，唐朝著名僧人，西天取经的主角。
悟空,人物,孙悟空，又称齐天大圣，唐僧的大徒弟，猴子精。
八戒,人物,猪八戒，又称朱悟能，唐僧的二徒弟，天蓬元帅转世。
沙僧,人物,沙僧，又称沙悟净，唐僧的三徒弟，卷帘大将转世。
灵山,地点,灵山，佛教传说中的圣地，位于西天。
雷音寺,地点,雷音寺，位于灵山上，是如来佛祖的寺庙。
凌云渡,地点,凌云渡，是唐僧师徒四人过的一座独木桥。
宝阁,地点,宝阁，位于雷音寺内，存放佛经的地方。
珍楼,地点,珍楼，位于雷音寺内，存放各种宝物的地方。
大雄宝殿,地点,大雄宝殿，位于雷音寺内，是如来佛祖说法的地方。
南赡部洲,地点,南赡部洲，指东土大唐所在的洲。
舍卫国,地点,舍卫国，是《西游记》中提到的国家，位于印度。
观音菩萨,人物,观音菩萨，佛教四大菩萨之一，慈悲为怀，救苦救难。
如来佛祖,人物,如来佛祖，佛教最高神祇，即释迦牟尼佛。
阿傩,人物,阿傩，佛教中的罗汉，与伽叶一同传经给唐僧。
伽叶,人物,伽叶，佛教中的罗汉，与阿傩一同传经给唐僧。
白雄尊者,人物,白雄尊者，佛教中的护法神，奉如来佛祖之命追赶唐僧。
龙女,人物,龙女，佛教中的神女，曾与唐僧相遇。
唐僧,人物,唐僧，唐朝僧人，取经人，佛教徒。
观音菩萨,人物,观音菩萨，佛教四大菩萨之一，具有极高智慧与神通。
唐僧四众,人物,唐僧和他的三个徒弟：孙悟空、猪八戒、沙僧。
孙悟空,人物,孙悟空，唐僧的大徒弟，拥有七十二变和筋斗云的神通。
猪八戒,人物,猪八戒，唐僧的二徒弟，原为天蓬元帅，因犯错被贬下凡。
沙僧,人物,沙僧，唐僧的三徒弟，原为卷帘大将，因犯错被贬下凡。
白鼋,人物,白鼋，通天河中的神龟，曾帮助唐僧过河。
阴魔,人物,阴魔，试图夺取唐僧经书的邪恶势力。
陈澄,人物,陈澄，陈家庄的居民，曾邀请唐僧到家中休息。
陈清,人物,陈清，陈澄的儿子，陈家庄的居民。
陈关保,人物,陈关保，陈清的儿子，陈家庄的居民。
一秤金,人物,一秤金，陈清的女儿，陈家庄的居民。
八大金刚,人物,八大金刚，佛教护法神，曾追赶唐僧。
唐王,人物,唐王，唐朝的皇帝，唐僧取经的赞助者。
揭谛,人物,揭谛，佛教护法神，曾保护唐僧取经。
金蝉子,人物,金蝉子，唐僧的前身，因犯错被贬下凡。
灵吉菩萨,人物,灵吉菩萨，佛教四大菩萨之一，曾帮助唐僧。
沙僧,人物,沙僧，唐僧的三徒弟，原为卷帘大将，因犯错被贬下凡。
金身罗汉,人物,金身罗汉，佛教罗汉之一，曾出现在唐僧取经的故事中。
无底洞妖精,人物,无底洞妖精，唐僧取经过程中遇到的一个妖怪。
陈家庄,地点,陈家庄，位于通天河西岸，是唐僧取经过程中的一个地点。
通天河,地点,通天河，唐僧取经过程中经过的一条河流。
西梁国,地点,西梁国，唐僧取经过程中经过的一个国家。
金銮殿,地点,金銮殿，唐僧取经过程中经过的一个宫殿。
平顶山,地点,平顶山，唐僧取经过程中经过的一座山。
莲花洞,地点,莲花洞，唐僧取经过程中遇到的一个洞穴。
乌鸡国,地点,乌鸡国，唐僧取经过程中经过的一个国家。
黑松林,地点,黑松林，唐僧取经过程中经过的一片森林。
宝象国,地点,宝象国，唐僧取经过程中经过的一个国家。
金銮殿,地点,金銮殿，唐僧取经过程中经过的一个宫殿。
小雷音寺,地点,小雷音寺，唐僧取经过程中经过的一个寺庙。
灵山,地点,灵山，佛教圣地，唐僧取经的目的地。
晒经石,地点,晒经石，唐僧取经过程中晒经的地方。
陈家庄救生寺,地点,陈家庄救生寺，陈家庄的寺庙。
太白金星,人物,天庭中的仙人，奉玉帝之命下凡，曾请美猴王上天。
美猴王,人物,即孙悟空，猴子成精，有神通，曾大闹天宫。
增长天王,人物,天庭中的神将，曾率众天丁阻挡孙悟空上天。
庞、刘、苟、毕、邓、辛、张、陶,人物,天庭中的神将，与增长天王一同阻挡孙悟空上天。
孙悟空,人物,猴子成精，有神通，曾大闹天宫，后成为齐天大圣。
玉帝,人物,天庭的最高统治者，曾封孙悟空为弼马温。
李天王,人物,托塔天王，曾领兵下界收伏孙悟空。
哪吒三太子,人物,托塔天王之子，曾领兵下界收伏孙悟空。
武曲星君,人物,天庭中的星君，曾推荐孙悟空担任弼马温。
木德星君,人物,天庭中的星君，曾送孙悟空去御马监任职。
典簿,人物,御马监中的官员，负责管理草料。
力士官,人物,御马监中的官员，负责管理马匹。
监丞、监副,人物,御马监中的官员，辅佐监丞、监副。
鬼王,人物,天庭中的鬼王，曾向孙悟空献上赭黄袍。
牛魔王,人物,孙悟空的兄弟，称平天大圣。
蛟魔王,人物,孙悟空的兄弟，称覆海大圣。
鹏魔王,人物,孙悟空的兄弟，称混天大圣。
狮犭它王,人物,孙悟空的兄弟，称移山大圣。
猕猴王,人物,孙悟空的兄弟，称通风大圣。
犭狨王,人物,孙悟空的兄弟，称驱神大圣。
天丁天将,人物,天庭中的神将，负责维护天庭秩序。
妖精,人物,各种妖怪，与孙悟空战斗。
太宗,人物,唐太宗李世民，唐朝第二位皇帝，政治家、军事家、诗人。
魏征,人物,魏征（580年－643年），字玄成，唐朝政治家、军事家、文学家。
太宗,人物,唐太宗李世民，唐朝第二位皇帝，政治家、军事家、诗人。
魏征,人物,魏征（580年－643年），字玄成，唐朝政治家、军事家、文学家。
齐天大圣,人物,孙悟空，又称齐天大圣，是中国古典名著《西游记》中的主要角色之一，拥有七十二变和筋斗云等神通。
玉帝,人物,玉皇大帝，道教神话中的天界最高统治者。
太上老君,人物,道教神话中的仙人，是三清之一，代表太清。
二郎真君,人物,二郎神，道教神话中的神祇，是玉帝的得力将领之一。
王灵官,人物,道教神话中的神祇，是玉帝的将领之一，以正直无私著称。
如来,人物,佛教神话中的佛陀，代表西方极乐世界的释迦牟尼。
观音,人物,观世音菩萨，佛教中的菩萨，以慈悲为怀。
寿星,人物,道教神话中的神祇，以长寿著称。
王母娘娘,人物,道教神话中的女神，以举办蟠桃会著称。
赤脚大仙,人物,道教神话中的仙人，以赤脚行走著称。
五行山,地点,五行山是《西游记》中压住孙悟空的山，代表金、木、水、火、土五行。
灵霄殿,地点,灵霄殿是《西游记》中天宫的主要建筑之一，是玉帝的居所。
兜率宫,地点,兜率宫是《西游记》中太上老君的居所。
灵山,地点,灵山是佛教圣地，是如来的居所。
蟠桃园,地点,蟠桃园是《西游记》中天宫的花园，以种植蟠桃著称。
瑶池,地点,瑶池是《西游记》中天宫的湖泊，以举办蟠桃会著称。
天宫,地点,天宫是道教神话中的天界，是玉帝和众神仙的居所。
西方极乐世界,地点,西方极乐世界是佛教中的理想世界，是如来的居所。
太宗,人物,唐太宗李世民，唐朝第二位皇帝，政治家、军事家、诗人。
魏征,人物,魏征（580年－643年），字玄成，唐朝政治家、军事家、文学家。
长安城,地点,陕西大国长安城，乃历代帝王建都之地。自周、秦、汉以来，三州花似锦，八水绕城流，真个是名胜之邦。
陈光蕊,人物,姓陈名萼，表字光蕊，唐朝政治家、军事家、文学家。
张氏,人物,陈光蕊的母亲，陈光蕊的生身之母。
殷开山,人物,丞相殷开山，唐朝官员，陈光蕊的岳父。
温娇,人物,丞相殷开山之女，陈光蕊的妻子。
江州,地点,陈光蕊被授予江州州主之职。
刘洪,人物,稍水刘洪，陈光蕊的仇人，谋害陈光蕊并霸占其妻。
李彪,人物,与刘洪合谋的贼人，帮助刘洪谋害陈光蕊。
龙王,人物,洪江口龙王，陈光蕊的恩人，曾被他救过的金色鲤鱼。
城隍土地,人物,洪州城隍土地，负责管理洪州地区的鬼神。
南极星君,人物,神仙，奉观音菩萨法旨，送子给殷小姐。
玄奘,人物,陈光蕊与殷小姐之子，后成为著名的僧人。
法明,人物,金山寺长老，玄奘的师父。
刘小二,人物,万花店店主，陈光蕊母亲张氏曾住在他店里。
唐王,人物,唐朝皇帝，被殷开山丞相告知陈光蕊的遭遇后，派兵捉拿刘洪。
殷丞相,人物,殷开山丞相，陈光蕊的岳父，唐朝官员。
唐王皇城,地点,唐朝皇帝居住和处理朝政的地方。
洪州,地点,陈光蕊母亲张氏所在的地方。
洪江渡口,地点,陈光蕊被刘洪打死后沉尸的地方。
金山寺,地点,玄奘所在的寺院，法明长老所在的寺院。
焦山寺,地点,江州的一个寺院，殷小姐曾提及。
万花店,地点,刘小二所经营的店，陈光蕊母亲张氏曾居住的地方。
南门头破瓦窑,地点,陈光蕊母亲张氏后来居住的地方。
太宗,人物,唐太宗李世民，唐朝第二位皇帝，政治家、军事家、诗人。
魏征,人物,魏征（580年－643年），字玄成，唐朝政治家、军事家、文学家。
长安,地点,陕西大国长安城，乃历代帝王建都之地。自周、秦、汉以来，三州花似锦，八水绕城流。三十六条花柳巷，七十二座管弦楼。华夷图上看，天下最为头，真是奇胜之方。
张稍,人物,长安城外泾河岸边的一个渔翁。
李定,人物,长安城外泾河岸边的一个樵子。
袁守诚,人物,当朝钦天监台正先生袁天罡的叔父，以占卜算卦闻名。
龙王,人物,泾河龙王，八河都总管，司雨大龙神。
魏征,人物,唐王驾下的丞相，梦中被指派斩杀泾河龙王。
唐王,人物,即唐太宗李世民，在梦中答应救泾河龙王。
房玄龄,人物,唐朝的文官。
杜如晦,人物,唐朝的文官。
徐世勣,人物,唐朝的文官。
许敬宗,人物,唐朝的文官。
王珪,人物,唐朝的文官。
马三宝,人物,唐朝的武官。
段志贤,人物,唐朝的武官。
殷开山,人物,唐朝的武官。
程咬金,人物,唐朝的武官。
刘洪纪,人物,唐朝的武官。
胡敬德,人物,唐朝的武官。
秦叔宝,人物,唐朝的武官。
